UserID,Gender,CSIPPA,CSIPBC,CSIPDE,CSIPFG,CSIPHI,CSIPJK,CSIPLM,CSIPNO,CSIPTOT,CSIPPA.ip,CSIPBC.ip,CSIPDE.ip,CSIPFG.ip,CSIPHI.ip,CSIPJK.ip,CSIPLM.ip,CSIPNO.ip
2569324,0,4,4,8,9,1,4,6,3,39,-0.139693013,-0.139693013,0.498903617,0.658552774,-0.618640485,-0.139693013,0.179605302,-0.29934217
4351127,1,3,8,14,24,24,14,16,9,112,-1.245504738,-0.67936622,-4.86E-17,1.132277034,1.132277034,-3.47E-17,0.226455407,-0.566138517
5214923,0,5,3,1,0,0,1,4,4,18,0.764552852,0.208514414,-0.347524023,-0.625543242,-0.625543242,-0.347524023,0.486533633,0.486533633
9212064,0,2,3,4,2,4,7,10,10,42,-0.498894212,-0.3453883,-0.191882389,-0.498894212,-0.191882389,0.268635345,0.729153079,0.729153079
12968537,0,4,3,2,6,2,7,6,3,33,-0.020837856,-0.187540703,-0.354243551,0.312567839,-0.354243551,0.479270686,0.312567839,-0.187540703
16999630,0,24,24,24,24,24,22,22,24,188,0.179605302,0.179605302,0.179605302,0.179605302,0.179605302,-0.538815906,-0.538815906,0.179605302
17668434,1,4,1,2,0,2,2,8,3,22,0.291111255,-0.407555757,-0.174666753,-0.640444761,-0.174666753,-0.174666753,1.22266727,0.058222251
19486912,0,0,0,1,3,10,15,16,4,49,-0.80785085,-0.80785085,-0.675956833,-0.412168801,0.511089313,1.170559394,1.302453411,-0.280274785
20829202,,4,6,14,11,16,15,10,7,83,-1.016145954,-0.697355067,0.577808484,0.099622152,0.896599371,0.737203928,-0.059773291,-0.537959623
21823118,,0,0,0,0,0,2,2,0,4,-0.25819889,-0.25819889,-0.25819889,-0.25819889,-0.25819889,0.774596669,0.774596669,-0.25819889
22212366,,1,2,7,6,7,3,6,1,33,-0.570692968,-0.388071218,0.525037531,0.342415781,0.525037531,-0.205449468,0.342415781,-0.570692968
39495363,0,1,3,14,21,17,7,15,7,85,-0.981788321,-0.777780358,0.344263437,1.058291307,0.650275382,-0.369764433,0.446267419,-0.369764433
39679398,1,3,5,2,0,0,3,6,5,24,5.55E-17,0.371390676,-0.185695338,-0.557086015,-0.557086015,2.78E-17,0.557086015,0.371390676
41631419,0,7,5,1,10,12,15,19,9,78,-0.377964473,-0.652847726,-1.202614232,0.034360407,0.30924366,0.721568539,1.271335046,-0.10308122
42894859,1,1,2,9,12,4,0,1,1,30,-0.42465029,-0.270232003,0.810696008,1.27395087,0.038604572,-0.579068577,-0.42465029,-0.42465029
44674015,,17,12,18,18,17,15,11,10,118,0.280293597,-0.342581063,0.404868529,0.404868529,0.280293597,0.031143733,-0.467155995,-0.591730927
44913475,1,0,0,1,0,0,4,11,3,19,-0.438318913,-0.438318913,-0.253763581,-0.438318913,-0.438318913,0.299902414,1.591789738,0.115347082
46490609,1,1,0,8,18,8,4,12,1,52,-0.580557795,-0.686113758,0.158333944,1.213893572,0.158333944,-0.263889907,0.580557795,-0.580557795
47224602,1,2,1,11,12,6,3,9,6,50,-0.595484027,-0.735597916,0.665540972,0.805654861,-0.035028472,-0.455370139,0.385313194,-0.035028472
48923280,0,4,0,4,5,13,14,18,13,71,-0.608262256,-1.107349236,-0.608262256,-0.483490511,0.514683448,0.639455193,1.138542172,0.514683448
53792919,,3,4,1,3,3,3,4,1,22,0.061662642,0.308313208,-0.431638491,0.061662642,0.061662642,0.061662642,0.308313208,-0.431638491
59834652,,1,3,16,4,15,13,13,8,73,-0.909914472,-0.685935525,0.76992763,-0.573946052,0.657938157,0.43395921,0.43395921,-0.125988158
60030065,1,0,6,10,5,12,20,16,12,81,-1.142887361,-0.465620777,-0.014109721,-0.578498541,0.211645808,1.11466792,0.663156864,0.211645808
61654127,0,0,0,0,1,4,5,11,1,22,-0.556293911,-0.556293911,-0.556293911,-0.354005216,0.252860869,0.455149564,1.668881733,-0.354005216
62170953,,2,10,15,18,8,3,8,3,67,-0.804072409,0.204959634,0.83560466,1.213991676,-0.047298377,-0.677943403,-0.047298377,-0.677943403
63345635,0,4,2,2,2,4,4,7,4,29,0.088735651,-0.384521154,-0.384521154,-0.384521154,0.088735651,0.088735651,0.798620858,0.088735651
65725593,,0,4,10,12,12,11,13,2,64,-0.894427191,-0.447213595,0.223606798,0.447213595,0.447213595,0.335410197,0.559016994,-0.670820393
67698958,1,5,1,0,0,6,2,1,6,21,0.432825405,-0.296143698,-0.478385973,-0.478385973,0.61506768,-0.113901422,-0.296143698,0.61506768
69246685,0,1,4,14,17,16,9,10,3,74,-1.027743189,-0.654018393,0.591730927,0.965455723,0.840880791,-0.031143733,0.093431199,-0.778593325
71110608,,9,17,12,19,12,13,18,10,110,-0.446966037,0.305818868,-0.164671698,0.494015094,-0.164671698,-0.070573585,0.399916981,-0.352867924
74101214,0,4,1,8,11,11,13,9,5,62,-0.541618609,-0.974913495,0.036107907,0.469402794,0.469402794,0.758266052,0.180539536,-0.39718698
74219125,,1,4,6,19,22,17,12,4,85,-1.013948155,-0.697912367,-0.487221841,0.882266577,1.198302365,0.671576051,0.144849736,-0.697912367
77699825,0,1,3,4,8,2,10,16,7,51,-0.729023019,-0.45775864,-0.32212645,0.220402308,-0.593390829,0.491666687,1.305459824,0.084770118
78746743,1,7,7,19,21,18,14,13,6,105,-0.643013613,-0.643013613,0.616768159,0.826731788,0.511786345,0.091859088,-0.013122727,-0.747995427
80360585,0,4,8,15,19,24,18,11,4,103,-1.009864356,-0.554714223,0.241798508,0.69694864,1.265886305,0.583161107,-0.213351624,-1.009864356
85088140,,0,5,7,9,20,13,11,7,72,-1.171700199,-0.520755644,-0.260377822,6.94E-18,1.432078021,0.520755644,0.260377822,-0.260377822
85612945,,2,6,15,23,21,18,20,5,110,-1.205921314,-0.795394909,0.128289501,0.949342311,0.744079108,0.436184305,0.641447507,-0.89802651
87359720,0,17,10,23,16,4,4,10,10,94,0.573035184,-0.191011728,1.227932538,0.463885625,-0.845909082,-0.845909082,-0.191011728,-0.191011728
91407962,0,3,5,10,8,4,1,6,3,40,-0.338061702,0,0.845154255,0.507092553,-0.169030851,-0.676123404,0.169030851,-0.338061702
94531236,1,0,2,4,11,12,9,7,0,45,-0.718095265,-0.462772504,-0.207449743,0.68617992,0.8138413,0.430857159,0.175534398,-0.718095265
97876056,1,2,11,18,18,6,4,10,6,75,-0.733442905,0.161606064,0.857755262,0.857755262,-0.335643363,-0.534543134,0.062156178,-0.335643363
98174934,1,1,4,10,13,4,4,9,2,47,-0.747928364,-0.287664755,0.632862462,1.09312607,-0.287664755,-0.287664755,0.479441259,-0.594507161
98895263,0,3,6,9,9,13,8,4,0,52,-0.602464076,-0.086066297,0.430331483,0.430331483,1.118861856,0.25819889,-0.430331483,-1.118861856
99830346,,11,4,7,3,1,4,7,5,42,0.979832943,-0.213007161,0.298210026,-0.383412891,-0.724224349,-0.213007161,0.298210026,-0.042601432
100167108,0,1,4,6,13,18,14,24,8,88,-1.139605765,-0.797724035,-0.569802882,0.227921153,0.797724035,0.341881729,1.481487494,-0.341881729
102379062,0,7,10,13,20,23,18,14,9,114,-0.848911799,-0.497637951,-0.146364103,0.673274875,1.024548723,0.43909231,-0.029272821,-0.614729234
103530329,0,2,0,10,12,3,1,13,2,43,-0.442741951,-0.705107552,0.606720452,0.869086053,-0.311559151,-0.573924752,1.000268853,-0.442741951
105247090,,0,1,4,2,5,9,10,3,34,-0.752035724,-0.575086142,-0.044237396,-0.39813656,0.132712187,0.840510515,1.017460097,-0.221186978
113427789,,3,5,15,17,16,11,17,8,92,-0.963981561,-0.73716237,0.396933584,0.623752775,0.510343179,-0.056704798,0.623752775,-0.396933584
126491124,1,3,15,23,16,20,14,12,4,107,-1.173914654,0.183866151,1.089053354,0.297014551,0.749608153,0.07071775,-0.155579051,-1.060766254
129415905,1,2,3,3,0,1,2,1,2,14,0.054635836,0.273179182,0.273179182,-0.382450855,-0.163907509,0.054635836,-0.163907509,0.054635836
131141118,0,0,0,0,1,12,16,17,11,57,-0.826955882,-0.826955882,-0.826955882,-0.710891898,0.565811919,1.030067853,1.146131836,0.449747936
132303320,1,8,9,8,15,10,10,13,4,77,-0.20577968,-0.079146031,-0.20577968,0.680655866,0.047487619,0.047487619,0.427388567,-0.712314278
136070413,0,0,4,11,15,15,8,9,0,62,-1.096701163,-0.530661853,0.459906939,1.02594625,1.02594625,0.035377457,0.176887284,-1.096701163
138647044,0,1,2,0,0,1,3,3,2,12,-0.145864991,0.145864991,-0.437594974,-0.437594974,-0.145864991,0.437594974,0.437594974,0.145864991
140290457,0,1,3,6,8,16,8,11,1,54,-0.843788164,-0.550296629,-0.110059326,0.18343221,1.357398351,0.18343221,0.623669513,-0.843788164
142360626,1,2,8,11,24,10,8,7,4,74,-0.770938577,-0.132920444,0.186088622,1.568461243,0.079752267,-0.132920444,-0.2392568,-0.558265866
152439635,,22,11,16,11,7,6,13,17,103,0.988383491,-0.203092498,0.338487497,-0.203092498,-0.636356494,-0.744672493,0.0135395,0.446803496
153200094,0,3,1,1,0,0,0,4,5,14,0.347524023,-0.208514414,-0.208514414,-0.486533633,-0.486533633,-0.486533633,0.625543242,0.903562461
154577053,0,3,0,3,8,12,13,20,5,64,-0.566138517,-0.905821627,-0.566138517,-2.78E-17,0.452910814,0.566138517,1.358732441,-0.33968311
157124446,1,2,9,15,16,7,4,6,2,61,-0.788745723,0.19280451,1.034133281,1.174354743,-0.087638414,-0.508302799,-0.227859876,-0.788745723
175261205,0,12,5,6,4,3,4,8,5,47,0.845456131,-0.120779447,0.017254207,-0.258813101,-0.396846756,-0.258813101,0.293321515,-0.120779447
180471570,0,0,1,7,2,4,6,17,11,48,-0.738548946,-0.615457455,0.123091491,-0.492365964,-0.246182982,-2.78E-17,1.354006401,0.615457455
185184764,1,6,15,15,20,11,5,15,6,93,-0.607055873,0.364233524,0.364233524,0.903838745,-0.067450653,-0.714976918,0.364233524,-0.607055873
190093588,0,1,0,1,7,12,11,17,6,55,-0.760143715,-0.889529879,-0.760143715,0.016173271,0.663104092,0.533717927,1.310034913,-0.113212894
195885997,0,7,9,12,12,15,9,13,6,83,-0.399528954,-0.162771055,0.192365793,0.192365793,0.547502641,-0.162771055,0.310744742,-0.517907903
198728151,1,4,8,16,23,20,14,14,3,102,-1.02105494,-0.554286968,0.379248978,1.19609293,0.846016951,0.145864991,0.145864991,-1.137746934
201507457,1,0,0,0,2,1,2,5,3,13,-0.504878164,-0.504878164,-0.504878164,0.116510346,-0.194183909,0.116510346,1.04859311,0.427204601
201923709,,2,0,1,0,3,7,13,8,34,-0.375325945,-0.708949008,-0.542137477,-0.708949008,-0.208514414,0.458731711,1.459600898,0.625543242
207289387,0,3,1,1,6,7,4,5,4,31,-0.21885689,-0.719101209,-0.719101209,0.53150959,0.781631749,0.03126527,0.28138743,0.03126527
212071584,,16,11,13,15,16,22,23,11,127,0.01340261,-0.522701801,-0.308260036,-0.093818272,0.01340261,0.656727904,0.763948786,-0.522701801
219302651,0,8,12,19,22,14,3,9,3,90,-0.360139821,0.083109189,0.858794958,1.191231716,0.304733695,-0.914201084,-0.249327568,-0.914201084
220433211,0,3,0,1,8,6,7,18,7,50,-0.403306832,-0.775590061,-0.651495651,0.217165217,-0.031023602,0.093070807,1.458109314,0.093070807
220747573,,1,0,1,2,5,9,10,3,31,-0.525037531,-0.70765928,-0.525037531,-0.342415781,0.205449468,0.935936468,1.118558217,-0.159794031
221540321,0,2,8,9,14,4,15,24,6,82,-0.783275894,-0.213620698,-0.118678166,0.356034497,-0.593390829,0.45097703,1.305459824,-0.403505764
226635415,1,11,5,3,5,7,5,5,5,46,0.783167848,-0.111881121,-0.410230777,-0.111881121,0.186468535,-0.111881121,-0.111881121,-0.111881121
228591540,0,2,6,8,14,9,15,23,8,85,-0.862028707,-0.462247278,-0.262356563,0.337315581,-0.162411206,0.437260938,1.236823797,-0.262356563
236157361,0,7,1,0,0,7,9,10,8,42,0.251447423,-0.610658027,-0.754342269,-0.754342269,0.251447423,0.538815906,0.682500148,0.395131664
236179850,0,2,1,0,3,2,3,11,3,25,-0.244136538,-0.461146793,-0.678157049,-0.027126282,-0.244136538,-0.027126282,1.708955763,-0.027126282
237919932,1,1,2,5,11,3,7,16,6,51,-0.650098894,-0.529150262,-0.166304368,0.55938742,-0.408201631,0.075592895,1.164130577,-0.045355737
242800185,1,0,6,12,7,10,11,5,4,55,-0.847962084,-0.107922447,0.63211719,0.015417492,0.385437311,0.50877725,-0.231262387,-0.354602326
244888207,1,4,3,3,6,16,22,22,12,88,-0.696526033,-0.796029752,-0.796029752,-0.497518595,0.497518595,1.094540909,1.094540909,0.099503719
247130080,0,2,8,9,17,23,18,20,5,102,-1.191231716,-0.5263582,-0.415545947,0.470952074,1.135825589,0.581764326,0.803388832,-0.858794958
247569339,1,7,2,5,7,7,5,10,12,55,0.016743585,-0.652999806,-0.251153772,0.016743585,0.016743585,-0.251153772,0.418589619,0.686486976
262120821,0,5,4,2,12,17,8,13,8,69,-0.437639264,-0.558367337,-0.799823483,0.407457246,1.011097611,-0.075455046,0.528185319,-0.075455046
266761634,1,6,4,1,0,1,7,10,8,37,0.23717695,-0.107807705,-0.625284686,-0.797777014,-0.625284686,0.409669277,0.927146259,0.582161605
269493823,0,5,4,10,4,3,0,0,4,30,0.221186978,0.044237396,1.105934888,0.044237396,-0.132712187,-0.663560933,-0.663560933,0.044237396
271514345,0,0,3,2,5,2,10,9,2,33,-0.583454266,-0.159123891,-0.300567349,0.123763026,-0.300567349,0.830980319,0.68953686,-0.300567349
271532889,1,6,8,9,9,10,11,7,8,68,-0.593390829,-0.118678166,0.118678166,0.118678166,0.356034497,0.593390829,-0.356034497,-0.118678166
271779790,0,4,3,11,15,17,11,13,5,79,-0.737351294,-0.862857897,0.141194929,0.643221342,0.894234548,0.141194929,0.392208135,-0.611844691
273510516,1,6,2,11,10,13,9,15,12,78,-0.458349249,-0.947255114,0.152783083,0.030556617,0.397236015,-0.09166985,0.641688948,0.275009549
283986684,0,0,0,1,0,0,2,0,1,4,-0.25819889,-0.25819889,0.25819889,-0.25819889,-0.25819889,0.774596669,-0.25819889,0.25819889
287749398,0,13,21,20,22,23,15,23,10,147,-0.611113661,0.298450858,0.184755293,0.412146423,0.525841988,-0.383722532,0.525841988,-0.952200356
289884303,0,1,3,4,4,13,14,16,9,64,-0.989949494,-0.707106781,-0.565685425,-0.565685425,0.707106781,0.848528137,1.13137085,0.141421356
290504298,1,0,3,14,13,16,11,8,1,66,-0.922738556,-0.587197263,0.643120812,0.531273714,0.866815007,0.307579519,-0.027961774,-0.810891458
291841201,,13,6,10,5,3,3,9,7,56,0.781133466,-0.130188911,0.390566733,-0.260377822,-0.520755644,-0.520755644,0.260377822,3.12E-17
292667808,0,0,8,15,23,24,13,11,7,101,-1.195036166,-0.437785526,0.224808784,0.982059423,1.076715753,0.035496124,-0.153816536,-0.532441856
293089725,1,5,6,13,6,10,10,14,9,73,-0.584918854,-0.443120344,0.549469227,-0.443120344,0.124073696,0.124073696,0.691267737,-0.017724814
296268359,,0,0,3,2,2,4,12,5,28,-0.51745489,-0.51745489,-0.073922127,-0.221766381,-0.221766381,0.073922127,1.256676161,0.221766381
298900925,,3,0,0,9,7,4,10,1,34,-0.20294374,-0.690008715,-0.690008715,0.771186211,0.446476227,-0.040588748,0.933541202,-0.527653723
306683155,0,5,5,10,0,1,0,2,2,25,0.359287879,0.359287879,1.317388888,-0.598813131,-0.407192929,-0.598813131,-0.215572727,-0.215572727
309678713,,0,5,2,4,7,4,2,2,26,-0.644386076,0.346977118,-0.247840799,0.148704479,0.743522396,0.148704479,-0.247840799,-0.247840799
313662182,0,2,5,5,10,8,8,13,5,56,-0.620173673,-0.248069469,-0.248069469,0.372104204,0.124034735,0.124034735,0.744208408,-0.248069469
315856145,1,18,2,2,9,13,17,18,17,96,0.688247202,-1.147078669,-1.147078669,-0.344123601,0.114707867,0.573539335,0.688247202,0.573539335
321934532,0,0,2,4,8,15,12,11,5,57,-1.152279594,-0.828832691,-0.505385787,0.14150802,1.273572183,0.788401828,0.626678376,-0.343662335
325757041,,0,0,4,4,4,3,10,2,27,-0.642311192,-0.642311192,0.118946517,0.118946517,0.118946517,-0.07136791,1.26083308,-0.261682337
329070231,,6,6,8,10,7,8,10,8,63,-0.375117242,-0.375117242,0.025007816,0.425132875,-0.175054713,0.025007816,0.425132875,0.025007816
330257355,0,0,6,20,24,24,18,15,0,107,-1.181689385,-0.651585736,0.58532278,0.938725213,0.938725213,0.408621563,0.143569738,-1.181689385
335897770,0,5,6,11,16,9,10,13,3,73,-0.493969912,-0.37421963,0.224531778,0.823283186,-0.014968785,0.104781496,0.464032341,-0.733470475
352268618,1,0,4,20,23,21,14,12,2,96,-1.104689541,-0.736459694,0.736459694,1.01263208,0.828517156,0.184114924,0,-0.920574618
357356521,0,1,2,1,2,5,2,12,6,31,-0.543475591,-0.354440603,-0.543475591,-0.354440603,0.212664362,-0.354440603,1.535909278,0.40169935
361656340,1,6,4,13,15,13,11,5,5,72,-0.447213595,-0.745355992,0.596284794,0.894427191,0.596284794,0.298142397,-0.596284794,-0.596284794
363844191,,0,0,1,4,12,11,11,4,43,-0.870687993,-0.870687993,-0.708699529,-0.222734138,1.073173573,0.911185109,0.911185109,-0.222734138
364705819,1,0,0,2,5,0,0,7,0,14,-0.337178136,-0.337178136,0.048168305,0.626187966,-0.337178136,-0.337178136,1.011534407,-0.337178136
367090662,0,24,24,24,23,21,17,16,20,169,0.420551929,0.420551929,0.420551929,0.274272997,-0.018284866,-0.603400594,-0.749679526,-0.164563798
369548897,0,7,3,1,2,0,5,10,8,36,0.396525793,-0.237915476,-0.55513611,-0.396525793,-0.713746427,0.079305159,0.872356744,0.55513611
369727295,,1,0,3,12,23,14,12,3,68,-0.809923871,-0.91791372,-0.593944172,0.377964473,1.565852817,0.593944172,0.377964473,-0.593944172
371242952,1,1,0,0,1,2,3,5,0,12,-0.134839972,-0.404519917,-0.404519917,-0.134839972,0.134839972,0.404519917,0.943879807,-0.404519917
371774356,1,2,17,20,20,16,8,19,11,113,-1.254042436,0.297350268,0.607628809,0.607628809,0.193924088,-0.633485354,0.504202629,-0.323206813
371801898,0,6,2,3,7,8,8,6,9,49,-0.019407417,-0.640444761,-0.485185425,0.135851919,0.291111255,0.291111255,-0.019407417,0.446370591
375028542,0,4,4,4,1,3,4,11,4,35,-0.054206049,-0.054206049,-0.054206049,-0.487854444,-0.198755514,-0.054206049,0.957640206,-0.054206049
376024287,0,4,5,12,10,13,10,11,0,65,-0.629170925,-0.47664464,0.591039353,0.285986784,0.743565638,0.285986784,0.438513069,-1.239276064
381009023,1,1,4,17,16,11,17,9,4,79,-0.983175827,-0.650834703,0.789310171,0.678529796,0.124627922,0.789310171,-0.096932828,-0.650834703
381880354,0,1,2,6,5,17,14,18,5,68,-0.885422004,-0.767365737,-0.295140668,-0.413196935,1.003478271,0.64930947,1.121534539,-0.413196935
382391290,0,4,2,1,1,5,3,8,7,31,0.023629374,-0.354440603,-0.543475591,-0.543475591,0.212664362,-0.165405615,0.779769326,0.590734338
383797316,0,5,0,1,1,11,6,5,1,30,0.236491885,-0.709475655,-0.520282147,-0.520282147,1.371652933,0.425685393,0.236491885,-0.520282147
391141579,0,2,0,2,1,8,6,6,9,34,-0.425685393,-0.804072409,-0.425685393,-0.614878901,0.709475655,0.331088639,0.331088639,0.898669163
391738703,0,0,0,3,1,7,5,5,1,22,-0.678289058,-0.678289058,0.061662642,-0.431638491,1.048264907,0.554963774,0.554963774,-0.431638491
392842299,1,8,4,4,3,10,15,21,15,80,-0.232495277,-0.697485832,-0.697485832,-0.813733471,-3.47E-18,0.581238194,1.278724026,0.581238194
393777865,0,0,0,0,3,0,4,10,2,19,-0.49139757,-0.49139757,-0.49139757,0.12931515,-0.49139757,0.33621939,1.57764483,-0.07758909
394762342,,1,1,0,2,3,0,0,0,7,0.050062617,0.050062617,-0.350438322,0.450563557,0.851064496,-0.350438322,-0.350438322,-0.350438322
397221064,,2,0,4,2,9,9,14,4,44,-0.477396038,-0.750193773,-0.204598302,-0.477396038,0.477396038,0.477396038,1.159390377,-0.204598302
401805477,,4,2,6,6,18,10,12,5,63,-0.473461808,-0.717829193,-0.229094423,-0.229094423,1.237109885,0.259640346,0.504007731,-0.351278116
402019082,,15,1,1,2,5,7,16,11,58,0.858794958,-0.692576579,-0.692576579,-0.581764326,-0.249327568,-0.027703063,0.969607211,0.415545947
403577555,0,11,5,3,9,6,12,11,3,60,0.51745489,-0.369610635,-0.665299144,0.221766381,-0.221766381,0.665299144,0.51745489,-0.665299144
403825395,,0,0,0,1,5,2,4,1,13,-0.504878164,-0.504878164,-0.504878164,-0.194183909,1.04859311,0.116510346,0.737898856,-0.194183909
404815335,0,5,2,2,10,17,12,11,3,62,-0.367689449,-0.768805211,-0.768805211,0.300836822,1.2367736,0.56824733,0.434542076,-0.635099957
414511950,,6,4,1,1,0,0,2,6,20,0.664410597,0.284747399,-0.284747399,-0.284747399,-0.474578998,-0.474578998,-0.0949158,0.664410597
416935432,1,8,9,16,10,7,5,3,2,60,0.059028134,0.177084401,1.003478271,0.295140668,-0.059028134,-0.295140668,-0.531253202,-0.64930947
425878645,0,3,0,0,0,5,7,2,5,22,0.046880723,-0.515687954,-0.515687954,-0.515687954,0.421926508,0.796972293,-0.140642169,0.421926508
426799749,1,0,1,0,0,4,1,4,3,13,-0.462226787,-0.177779534,-0.462226787,-0.462226787,0.675562228,-0.177779534,0.675562228,0.391114974
430184222,0,2,3,5,11,7,7,5,1,41,-0.438731548,-0.298337453,-0.017549262,0.82481531,0.263238929,0.263238929,-0.017549262,-0.579125643
433463340,1,0,1,3,1,7,7,5,0,24,-0.522232968,-0.348155312,-1.39E-17,-0.348155312,0.696310624,0.696310624,0.348155312,-0.522232968
433703737,1,1,0,0,0,1,0,9,1,12,-0.11250879,-0.33752637,-0.33752637,-0.33752637,-0.11250879,-0.33752637,1.687631851,-0.11250879
435164579,1,0,2,7,18,11,6,8,5,57,-1.071284746,-0.770573238,-0.018794469,1.635118823,0.582628546,-0.169150223,0.131561285,-0.319505977
436976092,1,0,0,0,1,0,4,8,1,14,-0.402139493,-0.402139493,-0.402139493,-0.172345497,-0.402139493,0.517036491,1.436212474,-0.172345497
441666097,0,1,9,8,3,0,2,5,4,32,-0.514495755,0.857492926,0.685994341,-0.171498585,-0.685994341,-0.34299717,0.171498585,8.33E-17
442758000,,9,2,5,4,10,5,4,7,46,0.474376737,-0.547357774,-0.109471555,-0.255433628,0.62033881,-0.109471555,-0.255433628,0.182452591
443996415,1,3,4,15,21,5,10,14,1,73,-0.579445629,-0.484842261,0.555794787,1.123414995,-0.390238893,0.082777947,0.461191419,-0.768652365
449158074,0,4,2,5,8,0,3,11,2,35,-0.04767915,-0.30196795,0.07946525,0.460898449,-0.556256749,-0.17482355,0.842331649,-0.30196795
453283910,,9,8,12,4,3,0,0,0,36,0.651217145,0.506502224,1.085361908,-0.072357461,-0.217072382,-0.651217145,-0.651217145,-0.651217145
454903642,1,5,10,16,19,18,11,9,5,93,-0.902724497,-0.22142299,0.596138819,1.004919723,0.868659422,-0.085162688,-0.357683291,-0.902724497
454990600,1,3,3,10,6,7,10,15,4,58,-0.542215792,-0.542215792,0.350845513,-0.159475233,-0.031895047,0.350845513,0.988746445,-0.414635606
456106817,0,9,7,10,6,10,15,24,14,95,-0.26030694,-0.441390028,-0.169765395,-0.531931572,-0.169765395,0.282942326,1.097816224,0.192400781
456720848,0,0,2,9,18,19,17,18,2,85,-1.107074942,-0.898684365,-0.169317344,0.768440254,0.872635543,0.664244965,0.768440254,-0.898684365
459169649,,0,0,0,1,2,0,3,1,7,-0.350438322,-0.350438322,-0.350438322,0.050062617,0.450563557,-0.350438322,0.851064496,0.050062617
463227788,,1,2,11,13,17,17,13,2,76,-1.048264907,-0.924939624,0.184987925,0.431638491,0.924939624,0.924939624,0.431638491,-0.924939624
471620237,1,7,5,7,9,9,8,10,5,60,-0.088735651,-0.443678255,-0.088735651,0.266206953,0.266206953,0.088735651,0.443678255,-0.443678255
473437378,0,4,3,12,15,18,13,13,7,85,-0.917757517,-1.056286954,0.190477975,0.606066285,1.021654595,0.329007412,0.329007412,-0.502169208
478497784,0,0,4,19,17,14,17,11,6,88,-1.179323788,-0.750478774,0.857690028,0.643267521,0.32163376,0.643267521,0,-0.536056267
478562326,0,6,4,5,3,3,2,4,1,28,0.56254395,0.11250879,0.33752637,-0.11250879,-0.11250879,-0.33752637,0.11250879,-0.56254395
480436071,,1,0,6,8,15,14,19,5,68,-0.861727484,-0.976624482,-0.287242495,-0.057448499,0.746830487,0.631933489,1.206418478,-0.402139493
480895447,0,6,2,2,4,9,12,16,10,61,-0.190375319,-0.65899149,-0.65899149,-0.424683404,0.161086809,0.512548936,0.981165107,0.278240851
481090052,1,7,3,6,1,2,4,8,4,35,0.497328815,-0.26050557,0.307870219,-0.639422763,-0.449964166,-0.071046974,0.686787412,-0.071046974
483259953,0,0,0,2,2,5,5,11,2,27,-0.694594807,-0.694594807,-0.282983069,-0.282983069,0.334434537,0.334434537,1.569269749,-0.282983069
483634038,0,3,1,6,10,11,4,10,7,52,-0.529150262,-0.831521841,-0.075592895,0.529150262,0.680336051,-0.377964473,0.529150262,0.075592895
487357446,1,2,3,3,11,7,4,9,2,41,-0.563686753,-0.383306992,-0.383306992,1.059731096,0.338212052,-0.202927231,0.698971574,-0.563686753
495887747,1,7,5,11,1,0,5,11,11,51,0.077906574,-0.171394464,0.57650865,-0.66999654,-0.794647058,-0.171394464,0.57650865,0.57650865
496877911,1,5,5,3,4,1,1,10,6,35,0.114377253,0.114377253,-0.251629956,-0.068626352,-0.617637165,-0.617637165,1.029395274,0.297380857
497208638,0,2,0,0,0,0,2,14,8,26,-0.18966081,-0.493118107,-0.493118107,-0.493118107,-0.493118107,-0.18966081,1.63108297,0.72071108
498653669,0,4,3,11,13,14,10,13,7,75,-0.767001591,-0.909699562,0.231884202,0.517280143,0.659978114,0.089186232,0.517280143,-0.33890768
500050085,0,1,0,1,3,3,1,5,2,16,-0.288675135,-0.577350269,-0.288675135,0.288675135,0.288675135,-0.288675135,0.866025404,-1.39E-17
500089073,0,2,0,2,2,3,2,2,0,13,0.116510346,-0.504878164,0.116510346,0.116510346,0.427204601,0.116510346,0.116510346,-0.504878164
505857085,1,2,6,17,21,9,3,1,0,59,-0.577558549,-0.147747536,1.03423275,1.464043763,0.174610724,-0.470105795,-0.685011302,-0.792464055
507136488,0,0,2,0,11,15,14,12,0,54,-0.914860099,-0.64379044,-0.914860099,0.576023025,1.118162343,0.982627514,0.711557855,-0.914860099
509294810,0,6,7,1,2,6,11,13,7,53,-0.097478667,0.0584872,-0.877308,-0.721342134,-0.097478667,0.682350667,0.9942824,0.0584872
510742583,0,3,11,12,7,15,11,12,8,79,-0.922969508,0.151031374,0.285281484,-0.385969067,0.688031815,0.151031374,0.285281484,-0.251718957
512579100,0,5,2,1,3,4,5,11,6,37,0.064684623,-0.452792359,-0.625284686,-0.280300032,-0.107807705,0.064684623,1.099638587,0.23717695
513117458,0,12,8,4,8,12,5,3,6,58,0.64978629,0.102597835,-0.444590619,0.102597835,0.64978629,-0.307793506,-0.581387733,-0.170996392
520404244,,1,9,21,23,17,9,3,1,84,-0.951189731,-0.150187852,1.051314966,1.251565436,0.650814027,-0.150187852,-0.750939261,-0.951189731
523530158,,7,3,15,14,7,10,9,9,74,-0.208514414,-0.579206706,0.532870169,0.440197096,-0.208514414,0.069504805,-0.023168268,-0.023168268
524582223,1,0,3,1,0,4,6,9,3,26,-0.545948683,-0.041996053,-0.377964473,-0.545948683,0.125988158,0.461956578,0.965909209,-0.041996053
524952829,0,1,3,16,17,13,2,7,0,59,-0.669720545,-0.459612138,0.906092502,1.011146705,0.590929892,-0.564666342,-0.039395326,-0.774774748
528656796,1,24,24,21,18,22,20,20,16,165,0.452584598,0.452584598,0.050287178,-0.352010243,0.184386318,-0.083811963,-0.083811963,-0.620208523
534841091,,4,3,21,21,21,12,21,0,103,-0.746789418,-0.830934705,0.683680453,0.683680453,0.683680453,-0.073627126,0.683680453,-1.083370565
538237080,0,4,3,11,11,18,16,21,3,87,-0.738205159,-0.845580455,0.013421912,0.013421912,0.765048983,0.550298391,1.08717487,-0.845580455
538816479,1,10,11,13,6,1,4,5,1,51,0.510819944,0.651735791,0.933567484,-0.052843442,-0.757422676,-0.334675136,-0.193759289,-0.757422676
539357702,1,14,13,21,14,6,3,7,8,86,0.381857772,0.264363073,1.204320666,0.381857772,-0.558099821,-0.910583918,-0.440605122,-0.323110422
539798757,,3,5,10,15,11,14,17,10,85,-1.122910726,-0.828376765,-0.092041863,0.64429304,0.055225118,0.497026059,0.938827001,-0.092041863
540475820,0,1,0,5,5,7,11,11,3,43,-0.690804424,-0.848702578,-0.059211808,-0.059211808,0.2565845,0.888177116,0.888177116,-0.375008116
543441893,0,2,8,12,16,19,15,10,3,85,-1.112469204,-0.338577584,0.177350163,0.69327791,1.08022372,0.564295973,-0.08061371,-0.983487268
549627415,1,5,4,3,0,2,5,7,6,32,0.196116135,0,-0.196116135,-0.784464541,-0.39223227,0.196116135,0.588348405,0.39223227
551713043,0,7,13,12,24,22,19,11,10,118,-0.950812892,-0.214699685,-0.33738522,1.134841193,0.889470125,0.521413521,-0.460070754,-0.582756289
553441313,1,1,5,20,12,8,2,3,2,53,-0.686642894,-0.198363503,1.632684214,0.656125432,0.167846041,-0.564573046,-0.442503198,-0.564573046
553682137,1,6,11,22,21,21,15,5,9,110,-0.840914741,-0.298389102,0.895167305,0.786662177,0.786662177,0.13563141,-0.949419869,-0.515399357
557457575,0,0,0,0,0,0,1,1,0,2,-0.179605302,-0.179605302,-0.179605302,-0.179605302,-0.179605302,0.538815906,0.538815906,-0.179605302
557625654,0,9,6,5,1,5,10,9,12,57,0.288514893,-0.173108936,-0.326983545,-0.942481984,-0.326983545,0.442389503,0.288514893,0.750138722
558197136,1,2,4,8,7,6,6,4,4,41,-0.515600932,-0.185616336,0.474352858,0.309360559,0.144368261,0.144368261,-0.185616336,-0.185616336
558460530,0,9,8,0,8,9,10,14,12,70,0.02957855,-0.088735651,-1.035249261,-0.088735651,0.02957855,0.147892752,0.621149557,0.384521154
563737061,1,7,14,16,12,0,3,3,2,57,-0.014915408,0.820347467,1.058994003,0.581700931,-0.850178284,-0.49220848,-0.49220848,-0.611531748
564380984,0,5,4,6,7,13,18,21,11,85,-0.636459752,-0.749608153,-0.523311352,-0.410162951,0.268727451,0.834469453,1.173914654,0.04243065
564651609,1,1,9,14,18,20,21,15,4,102,-1.352833107,-0.431755247,0.143918416,0.604457346,0.834726811,0.949861543,0.259053148,-1.007428909
565335015,0,15,11,14,16,8,5,9,8,86,0.537856198,0.0316386,0.411301798,0.664410597,-0.348024598,-0.727687797,-0.221470199,-0.348024598
566799355,0,4,0,0,0,3,3,13,4,27,0.104736448,-0.56557682,-0.56557682,-0.56557682,-0.062841869,-0.062841869,1.612941301,0.104736448
568140239,0,13,5,5,15,10,21,24,6,99,0.062543992,-0.738019102,-0.738019102,0.262684765,-0.237667169,0.863107086,1.163318246,-0.637948715
569345977,1,9,5,2,1,1,2,2,5,27,1.11153473,0.321110033,-0.27170849,-0.469314664,-0.469314664,-0.27170849,-0.27170849,0.321110033
571722282,0,5,7,21,23,22,13,11,1,103,-0.852988492,-0.636356494,0.880067492,1.09669949,0.988383491,0.0135395,-0.203092498,-1.286252488
582688316,1,18,11,18,7,7,11,16,11,99,0.562895925,-0.137596782,0.562895925,-0.537878329,-0.537878329,-0.137596782,0.362755152,-0.137596782
584882144,1,0,10,19,23,21,18,11,3,105,-1.334470252,-0.317731012,0.597334303,1.004029999,0.800682151,0.495660379,-0.216057088,-1.02944848
589824419,,7,9,6,8,11,8,9,5,63,-0.24282731,0.312206541,-0.520344235,0.034689616,0.867240391,0.034689616,0.312206541,-0.79786116
595900879,0,11,10,20,18,11,12,7,7,96,-0.123091491,-0.246182982,0.984731928,0.738548946,-0.123091491,0,-0.615457455,-0.615457455
600644450,1,7,2,6,6,4,4,10,4,43,0.22091088,-0.458814906,0.084965723,0.084965723,-0.186924591,-0.186924591,0.628746352,-0.186924591
601672422,0,1,3,6,7,11,5,7,2,42,-0.652400123,-0.3453883,0.115129433,0.268635345,0.88265899,-0.038376478,0.268635345,-0.498894212
603909620,1,2,1,9,14,16,17,20,7,86,-1.028078617,-1.145573316,-0.205615723,0.381857772,0.61684717,0.734341869,1.086825967,-0.440605122
606860337,,14,20,22,16,16,14,15,11,128,-0.239045722,0.478091444,0.717137166,0,2.78E-17,-0.239045722,-0.119522861,-0.597614305
608430888,1,10,10,23,15,14,13,13,4,102,-0.308545992,-0.308545992,1.150035063,0.252446721,0.140248178,0.028049636,0.028049636,-0.981737249
608659655,0,3,6,8,4,5,5,7,7,45,-0.352804177,0.050400597,0.319203779,-0.218402586,-0.084000995,-0.084000995,0.184802188,0.184802188
613312171,0,12,11,20,20,22,19,14,9,127,-0.430597089,-0.541718918,0.458377546,0.458377546,0.680621205,0.347255717,-0.20835343,-0.763962577
619665805,0,5,1,2,0,0,2,6,2,18,0.600994201,-0.273179182,-0.054635836,-0.491722528,-0.491722528,-0.054635836,0.819537547,-0.054635836
626082321,1,6,3,4,3,9,15,22,14,76,-0.396933584,-0.73716237,-0.623752775,-0.73716237,-0.056704798,0.623752775,1.417619943,0.510343179
634647812,1,12,3,4,5,2,0,9,4,39,0.844189721,-0.22215519,-0.103672422,0.014810346,-0.340637957,-0.577603493,0.488741417,-0.103672422
636174546,0,6,10,16,16,16,11,9,8,92,-0.750193773,-0.204598302,0.613794906,0.613794906,0.613794906,-0.068199434,-0.34099717,-0.477396038
638799748,0,0,4,9,20,21,12,15,6,87,-1.154471772,-0.729838476,-0.199046857,0.968694705,1.074853029,0.119428114,0.437903086,-0.517521829
642440865,0,10,4,11,9,14,9,9,16,82,-0.030556617,-0.763915414,0.09166985,-0.152783083,0.458349249,-0.152783083,-0.152783083,0.702802181
657904691,,6,4,5,1,2,1,9,2,30,0.459878517,0.051097613,0.255488065,-0.562073743,-0.357683291,-0.562073743,1.073049874,-0.357683291
663416299,,1,2,5,16,18,18,20,5,85,-1.002879654,-0.898684365,-0.586098499,0.560049677,0.768440254,0.768440254,0.976830831,-0.586098499
664182789,0,1,0,1,1,3,8,10,2,26,-0.367730031,-0.5311656,-0.367730031,-0.367730031,-0.040858892,0.776318954,1.103190093,-0.204294462
664490950,1,2,2,0,3,2,4,8,4,25,-0.233392569,-0.233392569,-0.648312693,-0.025932508,-0.233392569,0.181527554,1.011367801,0.181527554
668507285,1,2,2,6,5,2,2,13,4,36,-0.347524023,-0.347524023,0.208514414,0.069504805,-0.347524023,-0.347524023,1.18158168,-0.069504805
670018730,,8,5,13,8,9,8,4,7,62,0.038604572,-0.42465029,0.810696008,0.038604572,0.193022859,0.038604572,-0.579068577,-0.115813715
674779807,1,1,0,0,0,0,3,1,1,6,0.107211253,-0.32163376,-0.32163376,-0.32163376,-0.32163376,0.964901281,0.107211253,0.107211253
675555948,0,0,0,3,9,15,9,9,1,46,-0.724791515,-0.724791515,-0.34663942,0.40966477,1.16596896,0.40966477,0.40966477,-0.598740817
676698658,1,7,1,2,1,1,2,10,4,28,0.664410597,-0.474578998,-0.284747399,-0.474578998,-0.474578998,-0.284747399,1.233905394,0.0949158
680325626,,4,8,10,13,20,21,20,6,102,-1.035249261,-0.561992456,-0.325364053,0.02957855,0.857777959,0.97609216,0.857777959,-0.798620858
680564556,,5,6,8,1,3,0,7,10,40,-1.39E-17,0.125988158,0.377964473,-0.503952631,-0.251976315,-0.629940788,0.251976315,0.629940788
682348404,,14,6,6,2,5,2,14,9,58,0.757340163,-0.140248178,-0.140248178,-0.589042349,-0.252446721,-0.589042349,0.757340163,0.19634745
684605434,1,0,0,3,2,10,14,22,8,59,-0.774774748,-0.774774748,-0.459612138,-0.564666342,0.275767283,0.695984095,1.53641772,0.065658877
686208123,1,10,11,17,19,16,17,11,9,110,-0.547357774,-0.401395701,0.474376737,0.766300883,0.328414664,0.474376737,-0.401395701,-0.693319847
688133406,0,7,1,1,0,0,9,19,10,47,0.128637076,-0.557427331,-0.557427331,-0.671771399,-0.671771399,0.357325212,1.500765892,0.47166928
694036384,0,2,1,5,0,3,6,8,5,30,-0.284121235,-0.446476227,0.20294374,-0.608831219,-0.121766244,0.365298731,0.690008715,0.20294374
694276591,1,4,0,0,0,7,17,19,15,62,-0.419426616,-0.866815007,-0.866815007,-0.866815007,-0.083885323,1.034585654,1.258279849,0.810891458
694808832,0,0,2,2,4,7,3,1,2,21,-0.585369407,-0.139373668,-0.139373668,0.30662207,0.975615678,0.083624201,-0.362371538,-0.139373668
701111274,0,1,1,4,0,1,3,3,1,14,-0.208514414,-0.208514414,0.625543242,-0.486533633,-0.208514414,0.347524023,0.347524023,-0.208514414
702898568,,9,9,7,10,11,12,8,12,78,-0.093070807,-0.093070807,-0.341259627,0.031023602,0.155118012,0.279212422,-0.217165217,0.279212422
704789025,0,1,1,0,0,0,6,6,2,16,-0.204124145,-0.204124145,-0.40824829,-0.40824829,-0.40824829,0.816496581,0.816496581,2.08E-17
707969772,0,6,12,13,12,7,1,0,0,51,-0.045355737,0.680336051,0.801284683,0.680336051,0.075592895,-0.650098894,-0.771047525,-0.771047525
709846699,,16,12,18,15,12,14,19,16,122,0.085249292,-0.45182125,0.353784564,-0.049018343,-0.31711782,-0.183285979,0.488052199,0.085249292
715327867,1,8,7,6,3,3,8,18,10,63,0.01600666,-0.112046621,-0.240099902,-0.624259746,-0.624259746,0.01600666,1.296539473,0.272113223
716951493,,0,4,11,16,13,8,7,1,60,-0.911185109,-0.425219717,0.425219717,1.032676457,0.668202413,0.060745674,-0.060745674,-0.789693761
718417208,1,3,1,0,1,7,13,15,5,45,-0.340709818,-0.60029825,-0.730092466,-0.60029825,0.178467047,0.957232345,1.216820777,-0.081121385
722040002,0,3,1,1,0,5,7,12,4,33,-0.192980256,-0.536056267,-0.536056267,-0.707594273,0.150095755,0.493171766,1.350861794,-0.021442251
722563489,0,0,7,18,19,22,17,22,5,110,-1.396550969,-0.685579567,0.431661209,0.533228552,0.837930582,0.330093865,0.837930582,-0.888714253
729795734,0,2,2,1,7,17,17,14,8,68,-0.686113758,-0.686113758,-0.791669721,-0.158333944,0.897225684,0.897225684,0.580557795,-0.052777981
731236096,0,1,3,11,8,6,7,9,1,46,-0.618725129,-0.358209285,0.683854089,0.293080324,0.03256448,0.162822402,0.423338246,-0.618725129
732717644,1,1,4,3,3,0,1,4,0,16,-0.23570226,0.471404521,0.23570226,0.23570226,-0.471404521,-0.23570226,0.471404521,-0.471404521
732918553,0,1,1,0,1,3,4,8,0,18,-0.287242495,-0.287242495,-0.517036491,-0.287242495,0.172345497,0.402139493,1.321315476,-0.517036491
735459087,0,3,3,0,6,4,3,6,3,28,-0.09166985,-0.09166985,-0.641688948,0.458349249,0.09166985,-0.09166985,0.458349249,-0.09166985
740013006,0,13,5,3,2,7,10,14,11,65,0.761492204,-0.488136028,-0.800543087,-0.956746616,-0.17572897,0.292881617,0.917695734,0.449085146
742873667,0,6,10,12,18,5,1,5,2,59,-0.171062545,0.326573949,0.575392196,1.321846936,-0.295471668,-0.793108162,-0.295471668,-0.668699038
749793399,1,3,12,19,19,12,9,10,2,86,-0.886438204,0.142973904,0.943627766,0.943627766,0.142973904,-0.200163465,-0.085784342,-1.000817327
758022873,0,3,1,5,0,7,16,23,9,64,-0.515710623,-0.721994872,-0.309426374,-0.825136997,-0.103142125,0.825136997,1.547131869,0.103142125
762680085,1,1,1,2,3,1,2,3,1,14,-0.226778684,-0.226778684,0.075592895,0.377964473,-0.226778684,0.075592895,0.377964473,-0.226778684
767764462,,0,3,7,3,11,7,3,0,34,-0.656277721,-0.193022859,0.42465029,-0.193022859,1.042323439,0.42465029,-0.193022859,-0.656277721
768842868,0,2,5,4,9,7,9,14,9,59,-0.714388227,-0.315659914,-0.448569352,0.215977836,-0.049841039,0.215977836,0.880525023,0.215977836
768874779,0,1,3,7,6,11,7,10,3,48,-0.912870929,-0.547722558,0.182574186,2.78E-17,0.912870929,0.182574186,0.730296743,-0.547722558
775812965,0,6,0,0,1,6,8,17,10,48,1.39E-17,-0.787838597,-0.787838597,-0.656532164,1.39E-17,0.262612866,1.444370761,0.525225731
776692089,,19,11,13,14,13,12,16,14,112,0.606339063,-0.363803438,-0.121267813,4.16E-17,-0.121267813,-0.242535625,0.242535625,2.78E-17
777997447,0,10,2,0,7,4,10,15,10,58,0.369343853,-0.705110992,-0.973724703,-0.033576714,-0.436497281,0.369343853,1.040878131,0.369343853
778399627,,4,3,4,6,8,11,10,8,54,-0.49845758,-0.679714882,-0.49845758,-0.135942976,0.226571627,0.770343533,0.589086231,0.226571627
778627152,,6,9,14,22,24,15,18,5,113,-0.878779666,-0.554307174,-0.013519687,0.851740292,1.068055286,0.09463781,0.419110302,-0.986937163
780526825,,2,3,13,8,12,15,12,8,73,-1.053570239,-0.905700732,0.572994341,-0.166353196,0.425124833,0.868733355,0.425124833,-0.166353196
781202295,0,6,13,22,22,19,21,15,6,124,-1.050702401,-0.276500632,0.718901643,0.718901643,0.387100885,0.60830139,-0.055300126,-1.050702401
782767096,1,4,2,3,4,2,1,2,2,20,0.33752637,-0.11250879,0.11250879,0.33752637,-0.11250879,-0.33752637,-0.11250879,-0.11250879
783500397,1,0,9,19,19,20,11,12,2,92,-1.033773122,-0.224733287,0.674199862,0.674199862,0.764093177,-0.044946657,0.044946657,-0.853986492
786395679,0,1,0,0,2,6,7,7,3,26,-0.485954322,-0.701934021,-0.701934021,-0.269974624,0.593944172,0.809923871,0.809923871,-0.053994925
790520481,,7,5,7,6,1,1,3,6,36,0.458349249,0.09166985,0.458349249,0.275009549,-0.641688948,-0.641688948,-0.275009549,0.275009549
791358748,1,0,2,4,1,13,12,9,7,48,-0.904534034,-0.603022689,-0.301511345,-0.753778361,1.055289706,0.904534034,0.452267017,0.150755672
794170574,0,12,4,0,0,1,6,10,9,42,1.061479531,-0.196570283,-0.825595191,-0.825595191,-0.668338964,0.11794217,0.746967077,0.58971085
798000661,0,0,4,13,19,21,18,23,5,103,-1.333396178,-0.919137171,0.012945594,0.634334104,0.841463607,0.530769352,1.04859311,-0.815572419
806121364,0,10,4,7,4,18,18,20,7,88,-0.125988158,-0.881917104,-0.503952631,-0.881917104,0.881917104,0.881917104,1.133893419,-0.503952631
807200561,0,2,0,2,3,4,3,3,2,19,-0.102597835,-0.64978629,-0.102597835,0.170996392,0.444590619,0.170996392,0.170996392,-0.102597835
811157189,0,2,0,0,1,3,5,12,2,25,-0.223952671,-0.622090752,-0.622090752,-0.423021712,-0.02488363,0.373254451,1.766737736,-0.223952671
814721420,,3,1,2,1,4,6,13,5,35,-0.207621096,-0.509615417,-0.358618256,-0.509615417,-0.056623935,0.245370386,1.30235051,0.094373225
821387671,1,5,6,5,5,19,19,11,6,76,-0.572656287,-0.445399334,-0.572656287,-0.572656287,1.20894105,1.20894105,0.190885429,-0.445399334
823488192,0,1,0,0,0,6,4,7,2,20,-0.32163376,-0.536056267,-0.536056267,-0.536056267,0.750478774,0.32163376,0.964901281,-0.107211253
823931068,0,11,4,9,2,4,9,14,20,73,0.204903502,-0.560069572,-0.013660233,-0.778633307,-0.560069572,-0.013660233,0.532749105,1.18844031
825243600,,2,1,0,2,4,7,11,5,32,-0.365148372,-0.547722558,-0.730296743,-0.365148372,0,0.547722558,1.278019301,0.182574186
825427375,,0,6,5,8,4,6,10,0,39,-0.694768957,0.160331298,0.017814589,0.445364716,-0.12470212,0.160331298,0.730398134,-0.694768957
825437834,0,6,0,5,5,11,11,19,3,60,-0.182237022,-0.911185109,-0.30372837,-0.30372837,0.425219717,0.425219717,1.3971505,-0.546711065
827486387,0,8,7,13,15,15,19,21,8,106,-0.77041528,-0.917161048,-0.036686442,0.256805093,0.256805093,0.843788164,1.137279699,-0.77041528
830332711,,3,1,5,10,8,15,23,9,74,-0.688363146,-0.908639353,-0.468086939,0.082603578,-0.137672629,0.633294095,1.514398922,-0.027534526
832484892,1,0,0,0,0,2,2,5,2,11,-0.41253223,-0.41253223,-0.41253223,-0.41253223,0.18751465,0.18751465,1.087584971,0.18751465
835302362,0,14,5,10,2,2,2,6,7,48,0.9701425,-0.121267813,0.48507125,-0.48507125,-0.48507125,-0.48507125,2.78E-17,0.121267813
840441174,1,3,6,10,12,6,6,8,8,59,-0.603179379,-0.189570662,0.361907628,0.637646773,-0.189570662,-0.189570662,0.086168483,0.086168483
845738604,0,4,5,5,1,2,5,8,7,37,-0.141139359,0.084683616,0.084683616,-0.818608284,-0.592785309,0.084683616,0.76215254,0.536329565
848910210,0,8,6,3,5,6,3,17,18,66,-0.03126527,-0.28138743,-0.656570669,-0.40644851,-0.28138743,-0.656570669,1.094284449,1.219345529
849441683,1,9,12,15,16,19,15,14,17,117,-0.977568132,-0.456198462,0.065171209,0.238961099,0.760330769,0.065171209,-0.108618681,0.412750989
856356666,1,0,7,19,19,4,0,0,0,49,-0.626815804,0.089545115,1.317592405,1.317592405,-0.217466708,-0.626815804,-0.626815804,-0.626815804
856824111,,7,10,11,14,15,16,14,9,96,-0.680413817,-0.272165527,-0.136082763,0.272165527,0.40824829,0.544331054,0.272165527,-0.40824829
857583318,1,0,0,0,0,4,2,2,2,10,-0.430331483,-0.430331483,-0.430331483,-0.430331483,0.946729262,0.25819889,0.25819889,0.25819889
860492752,0,0,1,0,0,5,5,1,0,12,-0.404519917,-0.134839972,-0.404519917,-0.404519917,0.943879807,0.943879807,-0.134839972,-0.404519917
862956087,0,6,0,6,4,6,11,18,1,52,-0.054635836,-0.710265874,-0.054635836,-0.273179182,-0.054635836,0.491722528,1.256624239,-0.600994201
867938598,0,0,0,6,13,23,20,23,8,93,-1.119345124,-1.119345124,-0.541618609,0.13239566,1.095273186,0.806409928,1.095273186,-0.349043103
868984625,1,8,7,6,5,5,6,10,5,52,0.32163376,0.107211253,-0.107211253,-0.32163376,-0.32163376,-0.107211253,0.750478774,-0.32163376
869486992,0,1,2,8,2,4,5,13,5,40,-0.560112034,-0.420084025,0.420084025,-0.420084025,-0.140028008,4.16E-17,1.120224067,2.78E-17
881315379,0,1,3,5,6,7,11,12,4,49,-0.885671707,-0.540043724,-0.194415741,-0.021601749,0.151212243,0.842468209,1.015282201,-0.367229732
881481946,0,0,2,8,10,13,8,12,2,55,-0.87500226,-0.620456148,0.143182188,0.3977283,0.779547468,0.143182188,0.652274412,-0.620456148
882517679,,8,2,13,9,5,10,7,5,59,0.087854605,-0.755549603,0.790691445,0.228421973,-0.333847499,0.368989341,-0.052712763,-0.333847499
882664325,1,2,0,5,1,5,7,8,3,31,-0.331537255,-0.685176994,0.198922353,-0.508357125,0.198922353,0.552562092,0.729381962,-0.154717386
885061347,0,3,1,4,6,9,6,5,2,36,-0.295598783,-0.689730495,-0.098532928,0.295598783,0.88679635,0.295598783,0.098532928,-0.492664639
894618204,1,1,1,1,5,7,8,11,3,37,-0.607471399,-0.607471399,-0.607471399,0.062841869,0.397998503,0.56557682,1.068311771,-0.272314765
899561168,1,4,2,2,4,3,1,3,3,22,0.328975847,-0.197385508,-0.197385508,0.328975847,0.065795169,-0.460566186,0.065795169,0.065795169
899949175,0,1,2,7,12,14,9,6,0,51,-0.691840691,-0.563126144,0.080446592,0.724019327,0.981448422,0.337875686,-0.048267955,-0.820555238
900655254,0,8,4,10,15,8,10,17,7,79,-0.266542967,-0.835167963,0.017769531,0.728550776,-0.266542967,0.017769531,1.012863274,-0.408699216
902682671,0,1,0,2,3,8,12,17,8,51,-0.66999654,-0.794647058,-0.545346021,-0.420695502,0.202557093,0.701159169,1.324411764,0.202557093
905053887,,0,3,4,4,11,11,15,8,56,-1,-0.571428571,-0.428571429,-0.428571429,0.571428571,0.571428571,1.142857143,0.142857143
906756161,1,18,3,10,5,2,2,14,11,65,0.98267524,-0.50999601,0.186583906,-0.310973177,-0.609507427,-0.609507427,0.584629573,0.286095323
908975070,1,0,13,16,23,11,3,0,0,66,-0.794086424,0.457201274,0.745959974,1.419730273,0.264695475,-0.505327724,-0.794086424,-0.794086424
910786480,0,16,10,19,18,17,10,17,13,120,0.122169444,-0.610847222,0.488677777,0.366508333,0.244338889,-0.610847222,0.244338889,-0.244338889
911501674,0,1,1,7,8,5,4,10,3,39,-0.672168179,-0.672168179,0.368608356,0.542071112,0.021682844,-0.151779911,0.888996624,-0.325242667
913478401,1,4,4,5,7,7,9,11,6,53,-0.504161357,-0.504161357,-0.312099888,0.072023051,0.072023051,0.45614599,0.840268929,-0.120038418
924589355,,2,6,9,11,7,2,9,6,52,-0.752617809,-0.083624201,0.418121005,0.752617809,0.083624201,-0.752617809,0.418121005,-0.083624201
929977993,1,2,4,7,6,9,8,6,0,42,-0.657438259,-0.252860869,0.354005216,0.151716521,0.758582606,0.556293911,0.151716521,-1.062015649
932003247,,0,2,6,16,8,10,5,0,47,-0.861696587,-0.568353068,0.01833397,1.485051565,0.311677489,0.605021008,-0.12833779,-0.861696587
933392176,0,10,2,6,11,15,12,18,11,85,-0.083437696,-1.151440201,-0.617438948,0.050062617,0.58406387,0.183562931,0.984564809,0.050062617
935358342,,4,2,0,0,2,4,10,8,30,0.045691166,-0.319838164,-0.685367494,-0.685367494,-0.319838164,0.045691166,1.142279156,0.776749826
937997824,1,4,5,7,9,4,9,13,4,55,-0.510355588,-0.332840601,0.022189373,0.377219348,-0.510355588,0.377219348,1.087279296,-0.510355588
938255927,1,3,4,15,12,19,16,13,4,86,-0.950812892,-0.828127357,0.521413521,0.153356918,1.012155659,0.644099056,0.276042452,-0.828127357
941125445,0,8,7,10,12,11,8,12,6,74,-0.252860869,-0.455149564,0.151716521,0.556293911,0.354005216,-0.252860869,0.556293911,-0.657438259
951998943,,1,4,9,17,13,4,3,0,51,-0.547559706,-0.241944986,0.26741288,1.082385465,0.674899172,-0.241944986,-0.343816559,-0.649431279
953530419,1,6,4,8,9,3,2,5,1,38,0.216168851,-0.12970131,0.562039012,0.734974092,-0.302636391,-0.475571471,0.04323377,-0.648506552
961306951,,1,3,5,4,8,13,9,6,49,-0.815607547,-0.497321675,-0.179035803,-0.338178739,0.298393005,1.094107685,0.457535941,-0.019892867
966814379,0,0,6,15,21,22,14,18,0,96,-1.086428953,-0.543214476,0.271607238,0.814821714,0.90535746,0.181071492,0.543214476,-1.086428953
968767061,0,2,6,12,16,16,8,5,1,66,-0.821107732,-0.295598783,0.492664639,1.018173587,1.018173587,-0.032844309,-0.426976021,-0.952484969
970086039,1,4,3,10,7,11,6,9,3,53,-0.504161357,-0.696222827,0.64820746,0.072023051,0.840268929,-0.120038418,0.45614599,-0.696222827
971816961,0,2,7,17,18,19,12,5,2,82,-0.884810718,-0.348561798,0.723936042,0.831185826,0.93843561,0.187687122,-0.563061366,-0.884810718
971879636,0,4,9,11,12,18,18,21,10,103,-0.900033031,-0.392972168,-0.190147823,-0.088735651,0.519737384,0.519737384,0.823973902,-0.291559996
973071789,1,1,1,0,0,6,6,5,1,20,-0.307793506,-0.307793506,-0.512989176,-0.512989176,0.718184846,0.718184846,0.512989176,-0.307793506
973365979,,2,7,6,5,5,11,10,9,55,-0.677774174,0.017378825,-0.121651775,-0.260682375,-0.260682375,0.573501224,0.434470625,0.295440025
981598171,0,11,5,12,11,7,7,10,3,66,0.389152026,-0.459906939,0.530661853,0.389152026,-0.176887284,-0.176887284,0.247642198,-0.742926595
986577126,1,0,3,14,23,22,19,11,0,92,-1.050896823,-0.776749826,0.228455831,1.050896823,0.959514491,0.685367494,-0.045691166,-1.050896823
991471893,0,0,3,5,10,13,13,12,1,57,-0.950131972,-0.550076405,-0.283372693,0.383386585,0.783442152,0.783442152,0.650090297,-0.816780116
995286136,0,3,0,6,5,9,11,15,7,56,-0.496138938,-0.868243142,-0.124034735,-0.248069469,0.248069469,0.496138938,0.992277877,-1.39E-17
998111623,0,10,4,16,22,14,10,14,8,98,-0.265280207,-0.972694092,0.442133678,1.149547563,0.20632905,-0.265280207,0.20632905,-0.501084835
1006065791,,4,7,8,13,11,8,16,4,71,-0.638829423,-0.245703624,-0.114661691,0.540547973,0.278464108,-0.114661691,0.933673772,-0.638829423
1006438133,0,0,4,18,23,20,7,13,3,88,-1.07349008,-0.683130051,0.683130051,1.171080088,0.878310066,-0.390360029,0.195180015,-0.780720058
1007202004,,6,2,4,2,10,6,14,8,52,-0.077382323,-0.696440909,-0.386911616,-0.696440909,0.541676263,-0.077382323,1.160734849,0.23214697
1008811604,0,0,3,6,18,17,8,8,2,62,-0.926715977,-0.567987212,-0.209258446,1.225656615,1.10608036,0.029894064,0.029894064,-0.687563467
1010734465,1,22,16,22,20,10,21,18,18,147,0.441681274,-0.289377386,0.441681274,0.197995054,-1.020436046,0.319838164,-0.045691166,-0.045691166
1015785431,0,0,0,0,0,3,6,7,1,17,-0.429451796,-0.429451796,-0.429451796,-0.429451796,0.176833092,0.783117981,0.985212943,-0.227356833
1016059860,,1,7,7,8,10,9,13,5,60,-0.840900096,-0.064684623,-0.064684623,0.064684623,0.323423114,0.194053868,0.71153085,-0.323423114
1025520052,1,2,2,14,6,13,8,7,1,53,-0.673841983,-0.673841983,1.074504784,-0.091059727,0.92880922,0.2003314,0.054635836,-0.819537547
1028167018,0,7,2,8,3,6,13,15,6,60,-0.062622429,-0.68884672,0.062622429,-0.563601862,-0.187867287,0.68884672,0.939336437,-0.187867287
1030705123,0,2,8,13,19,13,2,8,1,66,-0.66648896,-0.026659558,0.50653161,1.146361011,0.50653161,-0.66648896,-0.026659558,-0.773127194
1032740817,0,6,3,1,6,7,5,11,8,47,0.021286234,-0.489583384,-0.830163129,0.021286234,0.191576107,-0.149003638,0.872735597,0.361865979
1036339120,0,1,0,1,1,1,3,6,2,15,-0.222362328,-0.476490703,-0.222362328,-0.222362328,-0.222362328,0.285894422,1.048279548,0.031766047
1044561863,0,7,3,2,11,17,18,24,16,98,-0.541676263,-0.954381987,-1.057558418,-0.128970539,0.490088047,0.593264478,1.212323064,0.386911616
1045640219,1,9,7,5,8,7,8,12,10,66,0.104068847,-0.173448078,-0.450965004,-0.034689616,-0.173448078,-0.034689616,0.520344235,0.24282731
1066645000,1,8,10,7,6,8,4,8,14,65,-0.017859991,0.26789986,-0.160739916,-0.303619841,-0.017859991,-0.589379692,-0.017859991,0.839419561
1068530679,0,0,4,18,18,20,17,16,5,98,-1.337082097,-0.900483861,0.627609964,0.627609964,0.845909082,0.518460405,0.409310846,-0.791334302
1074622982,0,9,10,19,20,23,11,16,8,116,-0.623752775,-0.510343179,0.510343179,0.623752775,0.963981561,-0.396933584,0.170114393,-0.73716237
1076537741,,5,3,17,18,15,8,8,3,77,-0.567754511,-0.813269975,0.905338274,1.028096007,0.65982281,-0.199481315,-0.199481315,-0.813269975
1078463103,0,7,1,0,1,1,5,8,9,32,0.56694671,-0.56694671,-0.755928946,-0.56694671,-0.56694671,0.188982237,0.755928946,0.944911183
1082426794,0,3,1,1,6,11,10,12,1,45,-0.381440082,-0.672061096,-0.672061096,0.05449144,0.781043976,0.635733469,0.926354484,-0.672061096
1082442875,0,6,1,6,2,17,13,13,3,61,-0.182989723,-0.746035025,-0.182989723,-0.633425965,1.055709941,0.605273699,0.605273699,-0.520816904
1088482417,,1,1,6,15,18,14,19,1,75,-0.941609516,-0.941609516,-0.379454581,0.632424302,0.969717263,0.519993315,1.08214825,-0.941609516
1090660947,,0,0,1,9,15,11,8,1,45,-0.817371603,-0.817371603,-0.672061096,0.490422962,1.362286005,0.781043976,0.345112455,-0.672061096
1091613163,,2,4,4,10,16,12,13,7,68,-0.903562461,-0.625543242,-0.625543242,0.208514414,1.04257207,0.486533633,0.625543242,-0.208514414
1097560630,0,0,0,0,0,2,0,0,0,2,-0.179605302,-0.179605302,-0.179605302,-0.179605302,1.257237114,-0.179605302,-0.179605302,-0.179605302
1097666141,0,1,4,8,15,17,15,18,7,85,-1.262634454,-0.869086053,-0.344354851,0.573924752,0.836290353,0.573924752,0.967473153,-0.475537652
1100441079,1,0,0,2,3,5,9,14,5,38,-0.64978629,-0.64978629,-0.376192062,-0.239394949,0.034199278,0.581387733,1.265373301,0.034199278
1100822823,0,3,2,8,11,11,3,6,2,46,-0.440705694,-0.60096231,0.360577386,0.841347234,0.841347234,-0.440705694,0.040064154,-0.60096231
1108218660,1,5,3,2,2,7,8,9,4,40,0,-0.348155312,-0.522232968,-0.522232968,0.348155312,0.522232968,0.696310624,-0.174077656
1108223169,,3,4,12,12,7,2,8,1,49,-0.435524208,-0.296156461,0.81878551,0.81878551,0.121946778,-0.574891954,0.261314525,-0.7142597
1109523884,0,3,4,13,11,15,12,7,3,68,-0.71153085,-0.582161605,0.582161605,0.323423114,0.840900096,0.452792359,-0.194053868,-0.71153085
1114463866,1,2,9,15,12,4,5,4,0,51,-0.563126144,0.337875686,1.110162969,0.724019327,-0.305697049,-0.176982502,-0.305697049,-0.820555238
1115219094,0,5,2,2,2,2,3,6,2,24,0.417028828,-0.208514414,-0.208514414,-0.208514414,-0.208514414,-5.55E-17,0.625543242,-0.208514414
1117901380,1,5,6,7,6,10,12,12,10,68,-0.621149557,-0.443678255,-0.266206953,-0.443678255,0.266206953,0.621149557,0.621149557,0.266206953
1119885406,,0,3,9,9,18,12,11,3,65,-1.057924996,-0.667306536,0.113930384,0.113930384,1.285785765,0.504548844,0.374342691,-0.667306536
1121833567,,12,10,17,17,12,19,18,7,112,-0.282842712,-0.565685425,0.424264069,0.424264069,-0.282842712,0.707106781,0.565685425,-0.989949494
1122749520,,2,7,19,15,14,17,16,3,93,-1.026849234,-0.49342106,0.786806556,0.360064017,0.253378382,0.573435286,0.466749652,-0.920163599
1127895700,1,6,12,14,10,2,5,8,12,69,-0.267066658,0.343371417,0.546850775,0.139892059,-0.674025374,-0.368806337,-0.063587299,0.343371417
1128494587,,23,22,19,21,20,19,16,22,162,0.562073743,0.357683291,-0.255488065,0.153292839,-0.051097613,-0.255488065,-0.868659422,0.357683291
1142003180,0,8,5,11,12,15,8,17,10,86,-0.314542589,-0.657679958,0.028594781,0.142973904,0.486111273,-0.314542589,0.71486952,-0.085784342
1145513612,0,2,3,6,9,12,19,20,5,76,-0.809923871,-0.701934021,-0.377964473,-0.053994925,0.269974624,1.02590357,1.133893419,-0.485954322
1146371270,0,6,9,15,15,3,3,10,6,67,-0.309567807,0.081465212,0.863531252,0.863531252,-0.700600827,-0.700600827,0.211809552,-0.309567807
1156552942,1,1,2,4,2,7,10,7,6,39,-0.618640485,-0.458991327,-0.139693013,-0.458991327,0.339254459,0.818201931,0.339254459,0.179605302
1157891627,0,3,3,12,20,17,14,13,4,86,-0.923420977,-0.923420977,0.148938867,1.102147617,0.744694336,0.387241055,0.268089961,-0.804269883
1158008733,0,1,7,13,15,21,17,10,3,87,-1.288519301,-0.505621498,0.277276305,0.53824224,1.321140043,0.799208174,-0.114172596,-1.027553367
1159446906,1,1,0,1,5,2,3,4,1,17,-0.318397112,-0.601416767,-0.318397112,0.813681508,-0.035377457,0.247642198,0.530661853,-0.318397112
1163695010,0,4,5,5,0,19,22,19,4,78,-0.536336028,-0.443060197,-0.443060197,-0.909439352,0.862801436,1.142628929,0.862801436,-0.536336028
1163787635,,8,15,21,21,12,8,6,7,98,-0.458455906,0.296647939,0.943879807,0.943879807,-0.026967994,-0.458455906,-0.674199862,-0.566327884
1166430717,,0,0,0,0,0,0,0,0,0,-0.610373238,-0.6310539,-0.182039364,0.015316277,0.174385646,0.094316765,0.474075954,-0.506084932
1169497013,0,4,7,19,16,8,7,15,11,87,-0.806125848,-0.454361842,0.952694184,0.600930178,-0.337107173,-0.454361842,0.483675509,0.014656834
1172045516,0,0,2,0,5,17,14,14,3,55,-0.800640769,-0.567727091,-0.800640769,-0.218356573,1.179125496,0.829754979,0.829754979,-0.451270252
1179908387,1,0,1,10,3,5,1,10,1,31,-0.559399129,-0.415038063,0.884211526,-0.126315932,0.162406199,-0.415038063,0.884211526,-0.415038063
1182164007,1,5,15,22,24,13,6,8,5,98,-0.821229934,0.311501009,1.10441267,1.330958859,0.084954821,-0.70795684,-0.481410651,-0.821229934
1185069220,,3,4,2,8,7,6,11,3,44,-0.430331483,-0.25819889,-0.602464076,0.430331483,0.25819889,0.086066297,0.946729262,-0.430331483
1197983555,1,2,4,5,5,0,4,7,1,28,-0.284747399,0.0949158,0.284747399,0.284747399,-0.664410597,0.0949158,0.664410597,-0.474578998
1204662340,0,1,0,3,2,1,3,5,0,15,-0.25819889,-0.553283335,0.331970001,0.036885556,-0.25819889,0.331970001,0.922138892,-0.553283335
1211583326,0,3,3,0,0,2,5,4,2,19,0.135233954,0.135233954,-0.513889026,-0.513889026,-0.081140373,0.567982608,0.351608281,-0.081140373
1212505895,0,10,4,8,6,7,17,23,13,88,-0.104828484,-0.733799386,-0.314485451,-0.524142418,-0.419313935,0.628970902,1.257941804,0.209656967
1213501292,0,5,5,16,15,12,12,10,4,79,-0.707455711,-0.707455711,0.888854612,0.743735491,0.308378131,0.308378131,0.01813989,-0.852574832
1217621066,0,0,5,2,3,4,1,4,4,23,-0.631382259,0.466673844,-0.192159818,0.027451403,0.247062623,-0.411771038,0.247062623,0.247062623
1219639999,1,1,8,16,18,22,13,10,3,91,-1.12131451,-0.364764961,0.499863095,0.716020109,1.148334137,0.175627574,-0.148607947,-0.905157496
1220201598,,9,2,12,6,6,7,12,3,57,0.254603255,-0.695915565,0.661968464,-0.152761953,-0.152761953,-0.01697355,0.661968464,-0.560127162
1220881366,0,0,0,2,3,7,11,9,5,37,-0.775049716,-0.775049716,-0.439893082,-0.272314765,0.397998503,1.068311771,0.733155137,0.062841869
1223083751,0,9,8,8,8,15,11,14,12,85,-0.362371538,-0.585369407,-0.585369407,-0.585369407,0.975615678,0.083624201,0.752617809,0.30662207
1227393863,0,7,14,14,18,16,17,15,6,107,-0.703531935,0.068973719,0.068973719,0.510405522,0.28968962,0.400047571,0.17933167,-0.813889886
1234279123,,7,7,6,13,6,9,15,11,74,-0.310714506,-0.310714506,-0.448809842,0.51785751,-0.448809842,-0.034523834,0.794048182,0.241666838
1237269131,0,11,12,11,9,15,15,9,10,92,-0.062622429,0.062622429,-0.062622429,-0.313112146,0.438357004,0.438357004,-0.313112146,-0.187867287
1242049379,0,6,3,14,13,9,11,14,3,73,-0.3977283,-0.779547468,0.620456148,0.493183092,-0.015909132,0.23863698,0.620456148,-0.779547468
1244009943,0,5,5,6,22,12,16,18,9,93,-0.714976918,-0.714976918,-0.607055873,1.119680833,0.040470392,0.472154568,0.687996657,-0.283292741
1249442777,1,9,4,19,13,8,4,8,7,72,1.39E-17,-0.512989176,1.025978352,0.410391341,-0.102597835,-0.512989176,-0.102597835,-0.20519567
1251016344,,7,4,5,12,16,16,22,10,92,-0.517036491,-0.861727484,-0.746830487,0.057448499,0.517036491,0.517036491,1.206418478,-0.172345497
1252993136,0,6,10,10,11,14,14,15,7,87,-0.596760159,-0.107110798,-0.107110798,0.015301543,0.382538564,0.382538564,0.504950904,-0.474347819
1254256204,1,24,21,21,21,18,18,21,17,161,0.444538684,0.100379703,0.100379703,0.100379703,-0.243779278,-0.243779278,0.100379703,-0.358498938
1256502887,0,3,2,0,3,14,13,15,7,57,-0.506853245,-0.629726759,-0.875473787,-0.506853245,0.844755409,0.721881895,0.967628923,-0.015359189
1257284845,0,0,2,18,24,19,12,8,1,84,-1.040931354,-0.842658715,0.743522396,1.338340312,0.842658715,0.148704479,-0.247840799,-0.941795034
1260742921,0,3,0,0,0,10,8,10,5,36,-0.197385508,-0.592156525,-0.592156525,-0.592156525,0.723746864,0.460566186,0.723746864,0.065795169
1262110263,0,8,14,17,13,12,11,10,5,90,-0.482143312,0.407967418,0.853022783,0.25961563,0.111263841,-0.037087947,-0.185439735,-0.927198677
1262894064,,5,6,10,14,8,11,15,6,75,-0.491885568,-0.379454581,0.070269367,0.519993315,-0.154592607,0.182700354,0.632424302,-0.379454581
1262981271,,0,0,0,1,7,5,6,0,19,-0.53978144,-0.53978144,-0.53978144,-0.312505044,1.051153331,0.596600539,0.823876935,-0.53978144
1265130052,1,2,3,4,5,3,2,9,6,34,-0.411220496,-0.228455831,-0.045691166,0.137073499,-0.228455831,-0.411220496,0.868132159,0.319838164
1267138882,0,5,5,7,3,10,6,7,10,53,-0.231884202,-0.231884202,0.053511739,-0.517280143,0.48160565,-0.089186232,0.053511739,0.48160565
1267317931,1,5,3,11,11,5,9,8,6,58,-0.219121488,-0.413896144,0.36520248,0.36520248,-0.219121488,0.170427824,0.073040496,-0.12173416
1269873095,1,1,1,0,0,4,9,9,3,27,-0.469314664,-0.469314664,-0.666920838,-0.666920838,0.123503859,1.11153473,1.11153473,-0.074102315
1274300164,0,2,0,12,16,19,14,18,7,88,-0.953998092,-1.165997668,0.105999788,0.52999894,0.847998304,0.317999364,0.741998516,-0.423999152
1282235253,0,1,4,0,11,14,14,19,8,71,-0.879164869,-0.544244919,-0.990804852,0.237234965,0.572154915,0.572154915,1.130354831,-0.097684985
1289719359,,1,4,10,15,8,7,13,5,63,-0.895167305,-0.504548844,0.276688076,0.927718843,0.016275769,-0.113930384,0.667306536,-0.374342691
1293173741,0,3,6,5,21,19,8,12,10,84,-0.774596669,-0.464758002,-0.568037557,1.084435337,0.877876225,-0.25819889,0.154919334,-0.051639778
1305668499,,7,14,21,11,11,12,3,1,80,-0.363803438,0.48507125,1.333945938,0.121267813,0.121267813,0.242535625,-0.848874688,-1.091410313
1310458602,,6,4,3,3,8,5,8,4,41,0.183512877,-0.235945127,-0.445674129,-0.445674129,0.602970881,-0.026216125,0.602970881,-0.235945127
1311706457,1,6,13,17,17,15,7,8,3,86,-0.610998809,0.289420489,0.803945802,0.803945802,0.546683145,-0.482367481,-0.353736153,-0.996892794
1320728048,0,2,5,11,13,17,20,20,11,99,-1.241297148,-0.882367852,-0.164509261,0.074776937,0.553349331,0.912278627,0.912278627,-0.164509261
1322412323,1,0,0,1,2,15,22,19,9,68,-0.834497179,-0.834497179,-0.736321041,-0.638144902,0.638144902,1.325377873,1.030849457,0.049088069
1325968502,0,7,0,3,5,12,4,16,13,60,-0.051639778,-0.774596669,-0.464758002,-0.25819889,0.464758002,-0.361478446,0.877876225,0.568037557
1326144264,1,24,23,21,20,19,20,12,20,159,0.80922225,0.613047159,0.220696977,0.024521886,-0.171653204,0.024521886,-1.54487884,0.024521886
1332057048,0,1,2,3,1,3,4,10,4,28,-0.512989176,-0.307793506,-0.102597835,-0.512989176,-0.102597835,0.102597835,1.333771858,0.102597835
1332817394,1,1,10,20,20,10,6,4,7,78,-1.085826085,0.031023602,1.2719677,1.2719677,0.031023602,-0.465354036,-0.713542856,-0.341259627
1332917249,1,1,5,7,5,1,6,6,0,31,-0.415038063,0.162406199,0.45112833,0.162406199,-0.415038063,0.306767264,0.306767264,-0.559399129
1333084439,0,10,8,18,8,6,12,15,6,83,-0.043197899,-0.273586693,0.878357278,-0.273586693,-0.503975487,0.187190895,0.532774086,-0.503975487
1334427899,0,6,2,13,4,14,18,22,10,89,-0.514473252,-0.916013351,0.188221922,-0.715243302,0.288606946,0.690147046,1.091687145,-0.112933153
1337349096,,0,2,9,14,20,11,7,1,64,-0.92998111,-0.697485832,0.116247639,0.697485832,1.394971665,0.348742916,-0.116247639,-0.813733471
1338556436,0,9,1,0,0,0,5,11,10,36,0.680336051,-0.529150262,-0.680336051,-0.680336051,-0.680336051,0.075592895,0.98270763,0.831521841
1340487473,,0,0,1,9,14,12,5,0,41,-0.692729668,-0.692729668,-0.557562904,0.523771213,1.199605035,0.929271506,-0.016895846,-0.692729668
1347127804,0,0,1,9,17,16,7,6,1,57,-0.875473787,-0.752600273,0.230387839,1.213375951,1.090502437,-0.015359189,-0.138232703,-0.752600273
1353760327,0,2,0,3,1,6,5,4,3,24,-0.21821789,-0.654653671,-4.16E-17,-0.43643578,0.654653671,0.43643578,0.21821789,0
1354279660,,4,6,10,14,12,8,14,4,72,-0.821994937,-0.493196962,0.164398987,0.821994937,0.493196962,-0.164398987,0.821994937,-0.821994937
1356609652,,4,2,4,5,16,18,16,8,73,-0.622714969,-0.865725689,-0.622714969,-0.50120961,0.835349349,1.078360069,0.835349349,-0.13669353
1360876144,1,2,3,6,14,8,3,7,6,49,-0.517714738,-0.392208135,-0.015688325,0.988364501,0.235324881,-0.392208135,0.109818278,-0.015688325
1365438080,0,1,1,2,8,15,18,20,9,74,-0.799662289,-0.799662289,-0.702733527,-0.121160953,0.557340383,0.84812667,1.041984195,-0.024232191
1369985067,1,1,5,7,10,3,3,3,2,34,-0.575086142,0.132712187,0.486611351,1.017460097,-0.221186978,-0.221186978,-0.221186978,-0.39813656
1370190833,,7,4,10,10,19,13,16,14,93,-0.682963779,-1.125967311,-0.239960247,-0.239960247,1.08905035,0.203043286,0.646046818,0.35071113
1373843494,0,0,2,17,21,17,16,8,1,82,-1.099310286,-0.884810718,0.723936042,1.152935178,0.723936042,0.616686258,-0.241312014,-0.992060502
1374601676,0,2,2,2,4,12,9,17,6,54,-0.682500148,-0.682500148,-0.682500148,-0.395131664,0.754342269,0.323289544,1.472763477,-0.107763181
1375682065,0,2,7,12,20,20,23,20,3,107,-1.084024896,-0.607530436,-0.131035976,0.631355159,0.631355159,0.917251835,0.631355159,-0.988726004
1377363076,0,3,2,9,8,6,11,5,3,47,-0.389494978,-0.524971492,0.423364106,0.287887592,0.016934564,0.694317135,-0.11854195,-0.389494978
1380090120,0,1,1,0,0,0,2,3,0,7,0.050062617,0.050062617,-0.350438322,-0.350438322,-0.350438322,0.450563557,0.851064496,-0.350438322
1384438996,,0,0,10,12,17,11,18,3,71,-1.016466195,-1.016466195,0.128847828,0.357910632,0.930567643,0.24337923,1.045099045,-0.672871988
1385462755,0,5,0,1,1,7,8,12,10,44,-0.068199434,-0.750193773,-0.613794906,-0.613794906,0.204598302,0.34099717,0.886592641,0.613794906
1388616789,0,0,5,9,16,23,16,17,3,89,-1.234326628,-0.679573087,-0.235770255,0.540884702,1.317539659,0.540884702,0.65183541,-0.901474503
1389016453,0,2,1,6,7,8,8,9,5,46,-0.697109119,-0.883004883,0.046473941,0.232369706,0.418265471,0.418265471,0.604161236,-0.139421824
1390055075,0,10,4,6,8,21,19,20,16,104,-0.346410162,-1.039230485,-0.808290377,-0.577350269,0.923760431,0.692820323,0.808290377,0.346410162
1395532516,0,0,2,3,9,12,5,16,5,52,-0.746830487,-0.517036491,-0.402139493,0.287242495,0.631933489,-0.172345497,1.09152148,-0.172345497
1397430771,1,6,1,2,1,2,3,4,3,22,0.589086231,-0.317200278,-0.135942976,-0.317200278,-0.135942976,0.045314325,0.226571627,0.045314325
1403538799,0,4,4,4,1,4,10,17,12,56,-0.372104204,-0.372104204,-0.372104204,-0.744208408,-0.372104204,0.372104204,1.240347346,0.620173673
1404808786,,14,10,14,14,9,23,23,10,117,-0.065478464,-0.484540634,-0.065478464,-0.065478464,-0.589306177,0.877411419,0.877411419,-0.484540634
1409690161,,0,4,6,12,15,5,12,5,59,-1.036684339,-0.474414867,-0.193280131,0.650124077,1.071826181,-0.333847499,0.650124077,-0.333847499
1412035230,1,12,5,1,1,3,7,12,6,47,0.729557735,-0.104222534,-0.580668402,-0.580668402,-0.342445468,0.1340004,0.729557735,0.014888933
1413138689,0,23,22,21,23,20,19,20,18,166,0.446113437,0.247840799,0.04956816,0.446113437,-0.148704479,-0.346977118,-0.148704479,-0.545249757
1414148015,0,7,7,6,12,10,6,16,5,69,-0.212260811,-0.212260811,-0.342882849,0.440849378,0.179605302,-0.342882849,0.963337529,-0.473504887
1423441219,0,0,6,18,22,22,15,16,3,102,-1.333361813,-0.705897431,0.549031335,0.967340923,0.967340923,0.235299144,0.339876541,-1.019629622
1423574676,,2,2,4,5,6,4,8,2,33,-0.501084835,-0.501084835,-0.029475579,0.20632905,0.442133678,-0.029475579,0.913742935,-0.501084835
1424064599,,4,2,4,6,6,11,19,3,55,-0.326085354,-0.55292734,-0.326085354,-0.099243369,-0.099243369,0.467861595,1.375229538,-0.439506347
1426241590,0,3,3,9,16,3,7,11,1,53,-0.47149797,-0.47149797,0.308912463,1.219391302,-0.47149797,0.048775652,0.569049274,-0.731634781
1428717855,1,13,10,11,6,5,1,2,3,51,0.91556389,0.500968921,0.639167244,-0.051824371,-0.190022694,-0.742815986,-0.604617663,-0.46641934
1442426172,,2,1,8,9,6,5,9,5,45,-0.515968496,-0.658304632,0.338048325,0.480384461,0.053376051,-0.088960085,0.480384461,-0.088960085
1448873684,,6,4,8,6,1,11,17,5,58,-0.159475233,-0.414635606,0.09568514,-0.159475233,-0.797376165,0.478425699,1.243906818,-0.287055419
1457532094,,2,5,11,14,11,13,11,3,70,-1.103190093,-0.612883385,0.367730031,0.858036739,0.367730031,0.694601169,0.367730031,-0.939754523
1463076669,0,4,0,13,12,6,5,12,0,52,-0.354440603,-0.921545567,0.921545567,0.779769326,-0.070888121,-0.212664362,0.779769326,-0.921545567
1463424283,1,2,6,9,13,11,10,14,0,65,-0.649305701,-0.225269325,0.092757957,0.516794333,0.304776145,0.198767051,0.622803427,-0.861323889
1467272015,0,0,1,0,0,1,5,5,2,14,-0.529150262,-0.226778684,-0.529150262,-0.529150262,-0.226778684,0.98270763,0.98270763,0.075592895
1467936659,,7,11,21,8,4,4,3,4,62,-0.090992685,0.394301637,1.607537444,0.030330895,-0.454963427,-0.454963427,-0.576287008,-0.454963427
1469599596,0,0,1,1,0,0,1,4,1,8,-0.377964473,-6.94E-17,-4.16E-17,-0.377964473,-0.377964473,-5.55E-17,1.133893419,-6.94E-17
1474498646,1,0,0,3,0,1,2,2,0,8,-0.377964473,-0.377964473,0.755928946,-0.377964473,-6.94E-17,0.377964473,0.377964473,-0.377964473
1479181014,0,7,0,6,8,18,20,23,13,95,-0.513914732,-1.251843579,-0.619333139,-0.408496326,0.645687741,0.856524554,1.172779774,0.118595707
1480223413,0,24,22,17,16,16,17,15,20,147,0.945954477,0.609615107,-0.231233317,-0.399403001,-0.399403001,-0.231233317,-0.567572686,0.273275738
1482929758,,2,2,8,5,4,3,5,1,30,-0.319838164,-0.319838164,0.776749826,0.228455831,0.045691166,-0.137073499,0.228455831,-0.502602829
1485251709,1,1,1,1,0,0,3,7,3,16,-0.288675135,-0.288675135,-0.288675135,-0.577350269,-0.577350269,0.288675135,1.443375673,0.288675135
1488730964,1,9,8,7,5,5,3,1,5,43,0.603250965,0.436836906,0.270422846,-0.062405272,-0.062405272,-0.395233391,-0.728061509,-0.062405272
1494593352,1,6,10,17,14,17,16,13,10,103,-1.126680216,-0.471157181,0.67600813,0.184365854,0.67600813,0.512127371,0.020485095,-0.471157181
1498960338,,1,1,5,6,3,5,9,2,32,-0.416025147,-0.416025147,0.138675049,0.277350098,-0.138675049,0.138675049,0.693375245,-0.277350098
1502725190,1,6,4,3,7,7,1,6,3,37,0.282983069,-0.128628668,-0.334434537,0.488788938,0.488788938,-0.746046274,0.282983069,-0.334434537
1503324408,0,4,4,11,15,22,20,20,12,108,-1.02590357,-1.02590357,-0.269974624,0.161984774,0.91791372,0.701934021,0.701934021,-0.161984774
1503556608,0,3,1,9,8,15,19,16,9,80,-0.802955069,-1.032370802,-0.114707867,-0.229415734,0.573539335,1.032370802,0.688247202,-0.114707867
1505886352,1,7,9,6,11,14,12,8,6,73,-0.289889732,-0.017052337,-0.42630843,0.255785058,0.665041151,0.392203756,-0.153471035,-0.42630843
1508590162,,5,11,20,20,15,13,12,7,103,-1.122319084,-0.26721883,1.015431552,1.015431552,0.302848007,0.017814589,-0.12470212,-0.837285666
1509990557,1,1,6,14,8,17,15,17,5,83,-1.125689696,-0.525321858,0.435266683,-0.285174723,0.795487385,0.55534025,0.795487385,-0.645395426
1512240624,1,0,4,4,3,2,2,2,0,17,-0.601416767,0.530661853,0.530661853,0.247642198,-0.035377457,-0.035377457,-0.035377457,-0.601416767
1513818026,0,9,11,19,24,21,10,10,5,109,-0.525841988,-0.298450858,0.611113661,1.179591486,0.838504791,-0.412146423,-0.412146423,-0.980624247
1514607750,,5,6,1,1,14,19,21,11,78,-0.521576649,-0.411771038,-0.96079909,-0.96079909,0.466673844,1.015701895,1.235313115,0.137257013
1514792724,1,5,13,18,20,10,7,6,3,82,-0.632312167,0.331211135,0.933413199,1.174294024,-0.030110103,-0.391431341,-0.511871754,-0.873192992
1515385815,1,17,9,15,14,12,12,17,8,104,0.402015126,-0.402015126,0.201007563,0.100503782,-0.100503782,-0.100503782,0.402015126,-0.502518908
1516263353,,0,3,10,12,9,6,13,0,53,-0.774817368,-0.423956673,0.394718282,0.628625412,0.277764717,-0.073095978,0.745578977,-0.774817368
1516389544,0,10,8,11,3,8,2,12,10,64,0.226455407,-2.78E-17,0.33968311,-0.566138517,0,-0.67936622,0.452910814,0.226455407
1522569249,0,19,12,10,16,16,19,23,21,136,0.234082294,-0.585205736,-0.81928803,-0.117041147,-0.117041147,0.234082294,0.702246883,0.468164589
1522741384,,5,4,16,14,9,12,20,4,84,-0.539968763,-0.638144902,0.539968763,0.343616486,-0.147264208,0.147264208,0.932673318,-0.638144902
1526140566,,7,2,10,17,13,6,16,8,79,-0.340041785,-0.931418801,0.014784425,0.842712249,0.369610635,-0.458317188,0.724436846,-0.221766381
1526500470,0,5,9,9,21,15,11,12,7,89,-0.770246046,-0.26722822,-0.26722822,1.241825259,0.487298519,-0.015719307,0.110035149,-0.518737133
1531602691,,2,0,3,4,9,13,16,7,54,-0.655952846,-0.932143518,-0.51785751,-0.379762174,0.310714506,0.86309585,1.277381858,0.034523834
1535967613,1,6,14,11,20,19,14,16,6,106,-0.770938577,0.079752267,-0.2392568,0.717770399,0.611434044,0.079752267,0.292424978,-0.770938577
1536487422,0,0,0,1,2,20,13,10,8,54,-0.793089219,-0.793089219,-0.67559452,-0.558099821,1.556804763,0.734341869,0.381857772,0.146868374
1536706088,1,1,1,9,5,7,5,2,1,31,-0.564003386,-0.564003386,1.005397341,0.220696977,0.613047159,0.220696977,-0.367828295,-0.564003386
1539018909,,2,3,4,17,20,16,20,10,92,-1.02590357,-0.91791372,-0.809923871,0.593944172,0.91791372,0.485954322,0.91791372,-0.161984774
1542006642,,1,0,0,0,5,4,10,0,20,-0.295598783,-0.492664639,-0.492664639,-0.492664639,0.492664639,0.295598783,1.477993917,-0.492664639
1546092429,1,0,6,12,14,12,10,6,4,64,-0.894427191,-0.223606798,0.447213595,0.670820393,0.447213595,0.223606798,-0.223606798,-0.447213595
1550117495,1,1,0,1,7,10,8,14,4,45,-0.672061096,-0.817371603,-0.672061096,0.199801947,0.635733469,0.345112455,1.216975498,-0.236129574
1561990880,,8,8,7,8,10,11,15,5,72,-0.156173762,-0.156173762,-0.312347524,-0.156173762,0.156173762,0.312347524,0.937042571,-0.624695048
1562542524,,2,1,2,6,12,17,19,3,62,-0.627609964,-0.736759523,-0.627609964,-0.191011728,0.463885625,1.00963342,1.227932538,-0.518460405
1571074005,1,13,10,21,23,22,17,17,3,126,-0.307579519,-0.643120812,0.587197263,0.810891458,0.699044361,0.139808872,0.139808872,-1.426050495
1571189028,1,4,6,11,13,14,9,7,0,64,-0.648885685,-0.324442842,0.486664263,0.811107106,0.973328527,0.162221421,-0.162221421,-1.297771369
1572342902,1,2,3,4,2,5,11,13,9,49,-0.544062817,-0.412168801,-0.280274785,-0.544062817,-0.148380768,0.642983329,0.906771362,0.379195297
1572531385,1,2,4,8,9,14,20,22,8,87,-0.975720358,-0.755839714,-0.316078426,-0.206138104,0.343563506,1.003205439,1.223086083,-0.316078426
1574294239,0,5,3,5,14,21,14,15,9,86,-0.666456726,-0.898267761,-0.666456726,0.376692932,1.188031555,0.376692932,0.49259845,-0.202834656
1576019676,0,1,0,3,2,2,2,10,4,24,-0.43643578,-0.654653671,1.39E-17,-0.21821789,-0.21821789,-0.21821789,1.527525232,0.21821789
1576534085,0,5,3,6,5,0,2,3,3,27,0.349568477,-0.080669649,0.56468754,0.349568477,-0.726026837,-0.295788711,-0.080669649,-0.080669649
1581211483,0,10,11,18,12,7,4,9,5,76,0.060745674,0.182237022,1.032676457,0.30372837,-0.30372837,-0.668202413,-0.060745674,-0.546711065
1585620784,0,4,14,19,23,20,13,17,5,115,-1.143224661,-0.041321373,0.509630271,0.950391586,0.619820599,-0.151511702,0.289249613,-1.033034332
1586667862,1,23,24,24,23,23,20,20,17,174,0.287242495,0.517036491,0.517036491,0.287242495,0.287242495,-0.402139493,-0.402139493,-1.09152148
1590528045,1,1,3,17,19,16,8,3,1,68,-0.791669721,-0.580557795,0.897225684,1.108337609,0.791669721,-0.052777981,-0.580557795,-0.791669721
1590773000,0,4,8,10,3,5,8,13,10,61,-0.498593944,0.051578684,0.326664998,-0.636137101,-0.361050787,0.051578684,0.739294468,0.326664998
1595040213,1,3,3,14,10,5,2,8,3,48,-0.387298335,-0.387298335,1.032795559,0.516397779,-0.129099445,-0.516397779,0.25819889,-0.387298335
1595157579,0,4,1,1,1,0,1,4,0,12,0.800640769,-0.160128154,-0.160128154,-0.160128154,-0.480384461,-0.160128154,0.800640769,-0.480384461
1600521280,0,0,4,7,10,12,14,10,2,59,-1.291489225,-0.591020493,-0.065668944,0.459682605,0.809916971,1.160151338,0.459682605,-0.941254859
1605033886,0,2,0,0,0,1,1,6,0,10,0.212664362,-0.354440603,-0.354440603,-0.354440603,-0.070888121,-0.070888121,1.34687429,-0.354440603
1606146203,0,1,0,1,3,18,17,20,10,70,-0.838450516,-0.94663768,-0.838450516,-0.62207619,1.000731262,0.892544098,1.217105588,0.135233954
1606631467,0,1,0,1,3,17,11,15,2,50,-0.614729234,-0.731820516,-0.614729234,-0.380546669,1.258731288,0.556183592,1.024548723,-0.497637951
1607866890,,2,3,7,14,17,9,17,10,79,-0.861882301,-0.752436929,-0.314655443,0.451462158,0.779798272,-0.0957647,0.779798272,0.013680671
1614111073,,0,1,4,5,4,8,9,5,36,-0.713746427,-0.55513611,-0.079305159,0.079305159,-0.079305159,0.55513611,0.713746427,0.079305159
1619505123,0,3,2,2,6,16,10,12,9,60,-0.554963774,-0.678289058,-0.678289058,-0.184987925,1.048264907,0.308313208,0.554963774,0.184987925
1619569596,0,0,3,10,15,15,11,9,4,67,-1.223450971,-0.785199877,0.237386009,0.967804499,0.967804499,0.383469707,0.091302311,-0.639116179
1620693249,0,7,12,19,21,18,16,18,6,117,-0.846650795,-0.291469946,0.485783243,0.707855583,0.374747073,0.152674734,0.374747073,-0.957686965
1621225941,0,9,8,9,6,1,4,7,8,52,0.29934217,0.179605302,0.29934217,-0.059868434,-0.658552774,-0.29934217,0.059868434,0.179605302
1624499066,0,6,1,11,5,18,19,19,7,86,-0.494048419,-1.014099387,0.026002548,-0.598058613,0.754073903,0.858084096,0.858084096,-0.390038226
1625874648,0,7,22,23,24,22,12,1,2,113,-0.687245969,0.75958765,0.856043224,0.952498799,0.75958765,-0.204968096,-1.265979416,-1.169523841
1629461817,0,0,3,0,1,1,7,21,6,39,-0.521952273,-0.200750874,-0.521952273,-0.41488514,-0.41488514,0.227517657,1.726457518,0.120450525
1640349783,0,0,0,10,8,17,17,11,1,64,-0.956182887,-0.956182887,0.239045722,0,1.075705748,1.075705748,0.358568583,-0.836660027
1641494091,0,7,5,12,18,16,19,20,10,107,-0.772461319,-1.014802126,-0.166609304,0.560413114,0.318072308,0.681583517,0.80275392,-0.40895011
1648272136,,10,5,4,7,17,12,17,8,80,-2.78E-17,-0.635000635,-0.762000762,-0.381000381,0.889000889,0.254000254,0.889000889,-0.254000254
1652554488,0,2,1,6,6,10,7,7,1,40,-0.522232968,-0.696310624,0.174077656,0.174077656,0.87038828,0.348155312,0.348155312,-0.696310624
1655477020,0,14,9,10,8,1,2,5,5,54,0.982627514,0.304953366,0.440488196,0.169418537,-0.77932527,-0.64379044,-0.237185952,-0.237185952
1657287590,1,6,6,14,14,11,9,9,6,75,-0.472088577,-0.472088577,0.646936198,0.646936198,0.227301907,-0.052454286,-0.052454286,-0.472088577
1658613517,0,2,1,0,0,6,7,8,4,28,-0.25819889,-0.430331483,-0.602464076,-0.602464076,0.430331483,0.602464076,0.774596669,0.086066297
1662070017,,1,8,11,16,12,9,11,6,74,-1.098171237,-0.166389581,0.232945414,0.89850374,0.366057079,-0.033277916,0.232945414,-0.432612912
1664539683,0,2,4,4,6,8,2,8,2,36,-0.386911616,-0.077382323,-0.077382323,0.23214697,0.541676263,-0.386911616,0.541676263,-0.386911616
1672150458,1,8,0,3,6,7,9,14,6,53,0.196209709,-0.945374055,-0.517280143,-0.089186232,0.053511739,0.33890768,1.052397532,-0.089186232
1675270254,1,0,0,2,5,4,2,6,0,19,-0.606005886,-0.606005886,-0.09568514,0.669795979,0.414635606,-0.09568514,0.924956352,-0.606005886
1675443020,0,4,1,4,8,11,13,14,10,65,-0.556293911,-0.960871301,-0.556293911,-0.016857391,0.387719999,0.657438259,0.792297389,0.252860869
1675632690,0,8,10,9,13,11,10,14,7,82,-0.31525625,-0.035028472,-0.175142361,0.385313194,0.105085417,-0.035028472,0.525427083,-0.455370139
1678335834,0,6,3,12,6,3,1,5,2,38,0.209980263,-0.293972368,1.217885524,0.209980263,-0.293972368,-0.629940788,0.041996053,-0.461956578
1680054313,,2,7,15,19,20,18,18,4,103,-1.177936489,-0.636356494,0.230171498,0.663435494,0.771751493,0.555119495,0.555119495,-0.961304491
1687295137,,1,4,6,6,15,10,12,2,56,-0.755928946,-0.377964473,-0.125988158,-0.125988158,1.007905261,0.377964473,0.629940788,-0.629940788
1689009516,1,2,2,15,10,8,7,12,2,58,-0.659153062,-0.659153062,0.973035472,0.345270651,0.094164723,-0.031388241,0.59637658,-0.659153062
1693233403,,1,5,4,6,8,14,15,7,60,-1.030967061,-0.396525793,-0.55513611,-0.237915476,0.079305159,1.030967061,1.189577379,-0.079305159
1696012789,0,0,0,4,4,8,12,15,7,50,-0.731820516,-0.731820516,-0.263455386,-0.263455386,0.204909745,0.673274875,1.024548723,0.087818462
1699270328,0,11,8,2,0,6,6,14,12,59,0.450983072,0.077755702,-0.668699038,-0.917517285,-0.171062545,-0.171062545,0.824210443,0.575392196
1706896505,1,3,2,0,0,3,5,5,5,23,0.026216125,-0.183512877,-0.602970881,-0.602970881,0.026216125,0.445674129,0.445674129,0.445674129
1718100474,0,10,13,21,22,21,19,16,3,125,-0.617947672,-0.28837558,0.590483331,0.700340695,0.590483331,0.370768603,0.041196511,-1.386949219
1722122595,0,1,0,2,6,6,6,3,0,24,-0.43643578,-0.654653671,-0.21821789,0.654653671,0.654653671,0.654653671,-2.78E-17,-0.654653671
1724068927,1,1,0,0,0,2,1,3,2,9,-0.044946657,-0.404519917,-0.404519917,-0.404519917,0.314626602,-0.044946657,0.674199862,0.314626602
1727979819,,3,5,11,12,7,3,5,1,47,-0.451849837,-0.137519515,0.805471448,0.962636608,0.176810806,-0.451849837,-0.137519515,-0.766180158
1734503658,1,0,0,7,17,11,9,15,7,66,-0.911407491,-0.911407491,-0.138092044,0.966644309,0.303802497,0.082855226,0.745697038,-0.138092044
1735943799,0,0,0,0,1,4,3,6,0,14,-0.452792359,-0.452792359,-0.452792359,-0.194053868,0.582161605,0.323423114,1.099638587,-0.452792359
1738251160,1,1,6,14,22,23,17,16,8,107,-1.249366777,-0.74457212,0.063099332,0.870770784,0.971729715,0.365976127,0.265017195,-0.542654257
1740186445,0,2,0,0,1,7,11,11,4,36,-0.430331483,-0.774596669,-0.774596669,-0.602464076,0.430331483,1.118861856,1.118861856,-0.086066297
1744931042,0,4,7,3,9,4,5,13,6,51,-0.393872273,0.103650598,-0.55971323,0.435332512,-0.393872273,-0.228031316,1.09869634,-0.062190359
1755139939,,24,24,24,22,11,15,19,7,146,0.66422963,0.66422963,0.66422963,0.433193237,-0.837506924,-0.375434138,0.086638647,-1.29957971
1756682203,,2,12,19,23,23,18,20,7,124,-1.572000776,-0.407555757,0.407555757,0.873333765,0.873333765,0.291111255,0.524000259,-0.989778267
1760535361,0,3,3,9,16,18,18,16,6,89,-0.912780916,-0.912780916,-0.238727316,0.547668549,0.772353083,0.772353083,0.547668549,-0.575754116
1761881960,0,0,2,14,18,8,5,3,0,50,-0.731820516,-0.497637951,0.90745744,1.375822571,0.204909745,-0.146364103,-0.380546669,-0.731820516
1765684021,0,4,5,12,17,11,13,15,8,85,-0.935893411,-0.794626481,0.194242029,0.900576678,0.052975099,0.335508959,0.618042818,-0.370825691
1771831413,1,0,0,3,3,5,1,2,0,14,-0.529150262,-0.529150262,0.377964473,0.377964473,0.98270763,-0.226778684,0.075592895,-0.529150262
1776751321,0,7,2,8,3,4,1,7,4,36,0.354440603,-0.354440603,0.496216844,-0.212664362,-0.070888121,-0.496216844,0.354440603,-0.070888121
1776893339,1,0,10,15,15,24,13,18,3,98,-1.190176111,-0.218603775,0.267182392,0.267182392,1.141597494,0.072867925,0.558654093,-0.89870441
1777064004,0,11,11,12,6,7,8,12,14,81,0.11441636,0.11441636,0.245177914,-0.539391411,-0.408629856,-0.277868302,0.245177914,0.506701022
1779438088,0,7,8,21,14,7,7,9,5,78,-0.313518851,-0.199511996,1.282577117,0.484529133,-0.313518851,-0.313518851,-0.085505141,-0.541532561
1782485257,0,1,1,2,8,8,7,9,2,38,-0.648506552,-0.648506552,-0.475571471,0.562039012,0.562039012,0.389103931,0.734974092,-0.475571471
1786587093,1,0,1,0,6,4,4,1,0,16,-0.471404521,-0.23570226,-0.471404521,0.942809042,0.471404521,0.471404521,-0.23570226,-0.471404521
1790080579,0,6,6,5,1,5,14,16,14,67,-0.267446518,-0.267446518,-0.380055579,-0.83049182,-0.380055579,0.633425965,0.858644085,0.633425965
1790404589,1,5,4,19,22,14,16,14,11,105,-0.915674621,-1.028373036,0.662103188,1.000198432,0.098611113,0.324007943,0.098611113,-0.239484132
1791891814,0,2,1,5,2,4,9,12,6,41,-0.502113323,-0.662789587,-0.020084533,-0.502113323,-0.180760796,0.622620521,1.104649311,0.140591731
1795875878,0,4,9,11,8,8,10,7,4,61,-0.541229427,0.205293921,0.50390326,0.055989251,0.055989251,0.35459859,-0.093315418,-0.541229427
1799585680,,5,3,2,3,6,11,17,7,54,-0.221470199,-0.474578998,-0.601133397,-0.474578998,-0.0949158,0.537856198,1.297182594,0.0316386
1803694198,1,1,3,15,6,10,11,2,1,49,-0.7142597,-0.435524208,1.236888749,-0.017420968,0.540050017,0.679417764,-0.574891954,-0.7142597
1805062919,,1,3,3,2,6,9,8,1,33,-0.570692968,-0.205449468,-0.205449468,-0.388071218,0.342415781,0.89028103,0.70765928,-0.570692968
1805889990,0,0,0,5,1,9,16,14,0,45,-0.685367494,-0.685367494,-0.076151944,-0.563524384,0.411220496,1.264122266,1.020436046,-0.685367494
1806841274,0,1,1,1,3,3,11,21,7,48,-0.566138517,-0.566138517,-0.566138517,-0.33968311,-0.33968311,0.566138517,1.698415551,0.113227703
1808370206,0,6,1,7,2,9,15,18,4,62,-0.238282771,-0.919090689,-0.102121188,-0.782929105,0.170201979,0.98717148,1.395656231,-0.510605938
1808437602,0,4,2,4,7,5,5,13,10,50,-0.31525625,-0.595484027,-0.31525625,0.105085417,-0.175142361,-0.175142361,0.94576875,0.525427083
1815617744,1,9,9,11,9,5,8,9,5,65,0.127653088,0.127653088,0.419431576,0.127653088,-0.455903887,-0.018236155,0.127653088,-0.455903887
1815665237,,13,6,16,19,15,17,22,19,127,-0.308260036,-1.058806212,0.01340261,0.335065257,-0.093818272,0.120623493,0.656727904,0.335065257
1819467940,0,7,9,9,15,15,10,9,5,79,-0.446370591,-0.135851919,-0.135851919,0.795704097,0.795704097,0.019407417,-0.135851919,-0.756889263
1831259169,0,1,3,10,8,8,10,10,2,52,-0.71153085,-0.452792359,0.452792359,0.194053868,0.194053868,0.452792359,0.452792359,-0.582161605
1834598056,1,0,9,24,24,13,7,8,1,86,-1.11810958,-0.182017839,1.378135064,1.378135064,0.234022935,-0.390038226,-0.286028032,-1.014099387
1838797844,,6,5,1,2,1,2,8,9,34,0.29192018,0.125108648,-0.542137477,-0.375325945,-0.542137477,-0.375325945,0.625543242,0.792354773
1840877486,0,1,8,11,7,3,0,4,3,37,-0.469516357,0.437135919,0.825701179,0.307614165,-0.21047285,-0.599038111,-0.080951096,-0.21047285
1842160101,1,2,4,7,7,11,10,8,6,55,-0.925689693,-0.545919563,0.023735633,0.023735633,0.783275894,0.593390829,0.213620698,-0.166149432
1846732905,1,3,0,5,6,12,11,15,12,64,-0.597614305,-0.956182887,-0.358568583,-0.239045722,0.478091444,0.358568583,0.836660027,0.478091444
1848073538,0,2,1,2,1,0,3,15,4,28,-0.244136538,-0.406894229,-0.244136538,-0.406894229,-0.569651921,-0.081378846,1.871713455,0.081378846
1849216123,,0,0,0,0,8,8,4,0,20,-0.512989176,-0.512989176,-0.512989176,-0.512989176,1.128576187,1.128576187,0.307793506,-0.512989176
1849395459,1,1,1,0,4,4,8,9,1,28,-0.56254395,-0.56254395,-0.787561531,0.11250879,0.11250879,1.012579111,1.237596691,-0.56254395
1851810123,1,2,3,0,4,5,3,1,3,21,-0.132920444,0.079752267,-0.558265866,0.292424978,0.505097688,0.079752267,-0.345593155,0.079752267
1853495444,0,6,4,8,9,8,6,8,6,55,-0.160464381,-0.52724011,0.206311347,0.389699212,0.206311347,-0.160464381,0.206311347,-0.160464381
1854547439,0,3,4,2,0,5,8,16,9,47,-0.347409828,-0.226571627,-0.46824803,-0.709924432,-0.105733426,0.256781178,1.223486787,0.377619379
1860462541,0,4,0,8,9,10,10,16,5,62,-0.46897905,-0.969223369,0.03126527,0.15632635,0.28138743,0.28138743,1.031753909,-0.34391797
1869175508,0,24,24,24,24,24,24,24,24,192,-0.610373238,-0.6310539,-0.182039364,0.015316277,0.174385646,0.094316765,0.474075954,-0.506084932
1869995253,1,1,3,8,0,0,3,1,0,16,-0.223606798,0.223606798,1.341640786,-0.447213595,-0.447213595,0.223606798,-0.223606798,-0.447213595
1871713945,,1,4,18,6,1,5,18,0,53,-0.543511558,-0.253638727,1.099101151,-0.060390173,-0.543511558,-0.15701445,1.099101151,-0.640135835
1873043929,,4,3,2,3,15,19,20,7,73,-0.547153241,-0.65391485,-0.760676458,-0.65391485,0.627224448,1.05427088,1.161032488,-0.226868417
1882710421,0,4,4,9,14,16,16,16,9,88,-0.85518611,-0.85518611,-0.244338889,0.366508333,0.610847222,0.610847222,0.610847222,-0.244338889
1883354393,0,2,5,9,14,10,5,7,4,56,-0.821994937,-0.328797975,0.328797975,1.150792911,0.493196962,-0.328797975,2.08E-17,-0.493196962
1883362807,1,5,11,8,10,11,14,15,8,82,-0.69576104,0.099394434,-0.298183303,-0.033131478,0.099394434,0.496972171,0.629498084,-0.298183303
1892446676,0,7,6,13,9,3,11,17,9,75,-0.308912463,-0.438980869,0.47149797,-0.048775652,-0.829186085,0.211361159,0.991771592,-0.048775652
1892636803,1,4,5,5,4,4,6,8,4,40,-0.156173762,-1.39E-17,-4.86E-17,-0.156173762,-0.156173762,0.156173762,0.468521286,-0.156173762
1894578051,1,6,11,19,16,8,4,4,7,75,-0.446601393,0.2150303,1.27364101,0.876661994,-0.181948716,-0.711254071,-0.711254071,-0.314275054
1897817332,0,7,6,4,7,23,18,18,9,92,-0.510343179,-0.623752775,-0.850571966,-0.510343179,1.304210347,0.73716237,0.73716237,-0.283523989
1899495905,1,0,0,2,3,11,6,7,0,29,-0.605350148,-0.605350148,-0.271363859,-0.104370715,1.231574439,0.396608718,0.563601862,-0.605350148
1899875399,0,6,2,4,9,4,4,7,2,38,0.230387839,-0.506853245,-0.138232703,0.783318652,-0.138232703,-0.138232703,0.41469811,-0.506853245
1900551810,1,5,5,11,11,7,6,18,6,69,-0.437639264,-0.437639264,0.286729173,0.286729173,-0.196183119,-0.316911191,1.131825684,-0.316911191
1901075790,0,1,2,13,14,14,13,6,0,63,-0.763962577,-0.652840748,0.569499376,0.680621205,0.680621205,0.569499376,-0.20835343,-0.875084407
1904072410,1,4,6,13,12,11,14,13,14,87,-0.81744293,-0.579641351,0.252664179,0.133763389,0.014862599,0.371564968,0.252664179,0.371564968
1904089097,1,23,22,17,13,13,16,14,18,136,0.914991422,0.762492852,-5.55E-17,-0.609994281,-0.609994281,-0.15249857,-0.457495711,0.15249857
1909903959,1,1,3,8,13,9,12,6,1,53,-0.949316387,-0.611781671,0.232055117,1.075891905,0.400822474,0.907124547,-0.105479599,-0.949316387
1910895670,0,7,6,5,4,6,9,10,9,56,0,-0.174077656,-0.348155312,-0.522232968,-0.174077656,0.348155312,0.522232968,0.348155312
1912555729,0,2,5,14,20,9,9,9,0,68,-0.686113758,-0.36944587,0.580557795,1.213893572,0.052777981,0.052777981,0.052777981,-0.897225684
1914014065,0,4,5,16,21,15,5,3,0,69,-0.521644419,-0.408856437,0.831811371,1.395751284,0.719023389,-0.408856437,-0.634432402,-0.972796349
1915345362,0,2,10,22,23,18,15,18,4,112,-1.264911064,-0.421637021,0.843274043,0.948683298,0.421637021,0.105409255,0.421637021,-1.054092553
1917054583,0,5,4,5,2,8,11,10,8,53,-0.282408571,-0.456198462,-0.282408571,-0.803778242,0.238961099,0.760330769,0.586540879,0.238961099
1920328024,0,8,3,2,0,11,12,20,18,74,-0.132920444,-0.664602222,-0.770938577,-0.983611288,0.186088622,0.292424978,1.143115821,0.93044311
1925381973,,1,11,17,20,14,4,11,2,80,-0.84292723,0.093658581,0.655610068,0.936585812,0.374634325,-0.561951487,0.093658581,-0.749268649
1926444022,,3,5,9,8,10,4,8,3,50,-0.507952032,-0.195366166,0.429805566,0.273512633,0.586098499,-0.351659099,0.273512633,-0.507952032
1927471451,,6,9,14,18,14,13,15,2,91,-0.696179426,-0.307614165,0.339994603,0.858081618,0.339994603,0.21047285,0.469516357,-1.21426644
1929088863,1,5,2,3,3,6,2,6,3,30,0.228455831,-0.319838164,-0.137073499,-0.137073499,0.411220496,-0.319838164,0.411220496,-0.137073499
1929539768,,3,1,2,1,0,1,7,1,16,0.288675135,-0.288675135,2.78E-17,-0.288675135,-0.577350269,-0.288675135,1.443375673,-0.288675135
1931245318,0,2,1,10,1,5,3,12,9,43,-0.442741951,-0.573924752,0.606720452,-0.573924752,-0.04919355,-0.311559151,0.869086053,0.475537652
1940620000,1,3,3,7,12,13,12,16,7,73,-0.926178363,-0.926178363,-0.321327187,0.434736782,0.585949576,0.434736782,1.039587958,-0.321327187
1944138806,0,6,5,20,3,3,2,5,2,46,0.032025631,-0.096076892,1.825460953,-0.352281938,-0.352281938,-0.480384461,-0.096076892,-0.480384461
1946800805,1,11,7,10,5,2,4,7,6,52,0.613794906,0.068199434,0.477396038,-0.204598302,-0.613794906,-0.34099717,0.068199434,-0.068199434
1948539831,1,1,8,19,21,19,11,13,3,95,-1.201057282,-0.427962939,0.786899598,1.007783696,0.786899598,-0.096636793,0.124247305,-0.980173184
1951339127,1,8,8,4,4,1,3,6,3,37,0.620239123,0.620239123,-0.114859097,-0.114859097,-0.666182762,-0.298633652,0.252690013,-0.298633652
1951838669,0,6,7,8,9,14,14,18,10,86,-0.621366443,-0.490552455,-0.359738467,-0.228924479,0.425145461,0.425145461,0.948401413,-0.098110491
1952768355,,3,6,7,9,8,11,7,3,54,-0.604858379,-0.120971676,0.040323892,0.362915027,0.20161946,0.685506163,0.040323892,-0.604858379
1954469424,1,3,9,9,13,16,17,8,1,76,-0.814091578,-0.062622429,-0.062622429,0.438357004,0.814091578,0.939336437,-0.187867287,-1.064581295
1957410581,0,10,6,6,5,11,11,11,9,69,0.257068293,-0.49076674,-0.49076674,-0.677725499,0.444027051,0.444027051,0.444027051,0.070109534
1960962813,,5,3,0,0,2,8,11,10,39,0.016241387,-0.243620801,-0.633414083,-0.633414083,-0.373551895,0.406034668,0.79582795,0.665896856
1963408930,1,2,5,12,17,14,15,17,10,92,-1.077391157,-0.73716237,0.056704798,0.623752775,0.283523989,0.396933584,0.623752775,-0.170114393
1964324597,1,1,2,1,2,2,0,1,0,9,-0.044946657,0.314626602,-0.044946657,0.314626602,0.314626602,-0.404519917,-0.044946657,-0.404519917
1967937827,,4,3,2,1,1,2,1,0,14,0.517036491,0.287242495,0.057448499,-0.172345497,-0.172345497,0.057448499,-0.172345497,-0.402139493
1968884184,1,17,14,19,6,8,6,10,19,99,0.511184321,0.179605302,0.732237001,-0.704605416,-0.483552736,-0.704605416,-0.262500057,0.732237001
1969226427,,8,5,12,15,11,10,19,15,95,-0.537446567,-0.953534232,0.017336986,0.433424651,-0.121358902,-0.260054791,0.988208204,0.433424651
1969468943,0,5,3,6,0,7,20,23,17,81,-0.516428502,-0.717961576,-0.415661965,-1.020261187,-0.314895428,0.995069552,1.297369163,0.692769942
1970399394,1,2,1,2,2,1,2,7,1,18,-0.054635836,-0.273179182,-0.054635836,-0.054635836,-0.273179182,-0.054635836,1.038080893,-0.273179182
1973555573,,1,3,11,10,15,10,5,2,57,-0.764226937,-0.514683448,0.483490511,0.358718767,0.982577491,0.358718767,-0.265139958,-0.639455193
1976348071,0,17,8,16,15,17,18,12,11,114,0.358209285,-0.814112011,0.227951363,0.097693441,0.358209285,0.488467207,-0.293080324,-0.423338246
1976609945,0,7,11,15,15,14,13,9,9,93,-0.578761196,-0.078210972,0.422339251,0.422339251,0.297201695,0.172064139,-0.328486084,-0.328486084
1992501635,0,0,1,4,7,5,9,9,1,36,-0.680336051,-0.529150262,-0.075592895,0.377964473,0.075592895,0.680336051,0.680336051,-0.529150262
2000300946,0,1,0,12,8,7,4,5,1,38,-0.568982431,-0.72071108,1.100032701,0.493118107,0.341389459,-0.113796486,0.037932162,-0.568982431
2005217569,0,6,0,3,1,8,14,16,5,53,-0.084191311,-0.892427901,-0.488309606,-0.757721803,0.185220885,0.993457475,1.262869672,-0.21889741
2011568471,1,1,0,2,10,4,4,10,0,31,-0.564003386,-0.760178477,-0.367828295,1.201572431,0.024521886,0.024521886,1.201572431,-0.760178477
2012347245,1,7,11,12,8,9,5,5,3,60,-0.09166985,0.641688948,0.825028647,0.09166985,0.275009549,-0.458349249,-0.458349249,-0.825028647
2015337251,1,13,20,19,15,15,12,8,11,113,-0.15992578,0.835167963,0.693011714,0.124386718,0.124386718,-0.302082029,-0.870707025,-0.444238278
2019763201,0,9,3,1,3,4,5,10,8,43,0.683726506,-0.447958745,-0.825187162,-0.447958745,-0.259344537,-0.070730328,0.872340714,0.495112297
2023940022,,8,5,2,4,5,2,6,6,38,0.579641351,0.044587796,-0.490465758,-0.133763389,0.044587796,-0.490465758,0.222938981,0.222938981
2027316861,0,2,3,6,3,10,14,10,0,48,-0.471404521,-0.353553391,0,-0.353553391,0.471404521,0.942809042,0.471404521,-0.707106781
2029149676,1,7,10,15,8,5,8,5,6,64,-0.196116135,0.39223227,1.372812946,0,-0.588348405,0,-0.588348405,-0.39223227
2030229454,1,0,4,11,16,19,13,10,2,75,-1.180115017,-0.676599276,0.20455327,0.833947945,1.211584751,0.45631114,0.078674334,-0.928357147
2035019489,,7,14,19,7,4,1,1,1,54,0.028976379,0.840315002,1.41984259,0.028976379,-0.318740173,-0.666456726,-0.666456726,-0.666456726
2043199778,0,1,3,10,12,13,4,10,3,56,-0.794719414,-0.529812943,0.397359707,0.662266179,0.794719414,-0.397359707,0.397359707,-0.529812943
2054702876,0,6,1,2,0,3,3,8,4,27,0.499575371,-0.451996765,-0.261682337,-0.642311192,-0.07136791,-0.07136791,0.880204226,0.118946517
2056926011,1,0,1,1,0,4,4,12,1,23,-0.450461128,-0.293778997,-0.293778997,-0.450461128,0.176267398,0.176267398,1.429724451,-0.293778997
2059111552,0,8,8,12,5,9,2,13,6,63,0.017506183,0.017506183,0.577704038,-0.402642208,0.157555647,-0.822790599,0.717753501,-0.262592744
2060090749,,0,0,0,0,1,2,3,0,6,-0.32163376,-0.32163376,-0.32163376,-0.32163376,0.107211253,0.536056267,0.964901281,-0.32163376
2060259643,1,2,0,0,1,7,20,18,9,57,-0.572154915,-0.795434881,-0.795434881,-0.683794898,-0.013954998,1.437364786,1.214084819,0.209324969
2060503846,0,4,14,24,24,22,17,12,6,123,-1.334919435,-0.161363888,1.01219166,1.01219166,0.77748055,0.190702776,-0.396074997,-1.100208326
2061792557,0,17,15,21,23,20,17,18,17,148,-0.197385508,-0.460566186,0.328975847,0.592156525,0.197385508,-0.197385508,-0.065795169,-0.197385508
2062432875,,6,6,9,19,15,13,16,12,96,-1,-1,-0.5,1.166666667,0.5,0.166666667,0.666666667,0
2065843990,,2,1,4,8,4,3,5,1,28,-0.250872603,-0.418121005,0.083624201,0.752617809,0.083624201,-0.083624201,0.250872603,-0.418121005
2069323816,1,0,0,1,2,3,1,5,5,17,-0.523386711,-0.523386711,-0.277087082,-0.030787454,0.215512175,-0.277087082,0.708111433,0.708111433
2072339211,1,4,2,5,9,14,13,17,10,74,-0.654018393,-0.903168257,-0.529443461,-0.031143733,0.591730927,0.467155995,0.965455723,0.093431199
2076838203,0,0,2,2,4,12,16,19,4,59,-0.831811371,-0.606235406,-0.606235406,-0.380659441,0.521644419,0.972796349,1.311160297,-0.380659441
2079483730,0,9,7,6,14,19,15,19,13,102,-0.544465506,-0.83484711,-0.980037912,0.181488502,0.907442511,0.326679304,0.907442511,0.0362977
2080554376,0,1,0,0,0,0,0,0,0,1,0.881917104,-0.125988158,-0.125988158,-0.125988158,-0.125988158,-0.125988158,-0.125988158,-0.125988158
2085713111,1,1,0,4,12,3,5,9,2,36,-0.55513611,-0.713746427,-0.079305159,1.189577379,-0.237915476,0.079305159,0.713746427,-0.396525793
2085876737,,7,3,0,0,8,12,9,8,47,0.165005729,-0.421681309,-0.861696587,-0.861696587,0.311677489,0.898364527,0.458349249,0.311677489
2088062664,0,2,6,18,20,23,19,15,2,105,-1.181011353,-0.756378057,0.517521829,0.729838476,1.048313448,0.623680152,0.199046857,-1.181011353
2091774064,1,0,2,13,19,12,6,14,3,69,-1.026426651,-0.788414674,0.5206512,1.234687131,0.401645211,-0.31239072,0.639657189,-0.669408686
2099191271,0,2,0,0,2,3,9,22,10,48,-0.441726104,-0.662589156,-0.662589156,-0.441726104,-0.331294578,0.331294578,1.766904417,0.441726104
2100372509,,3,4,6,2,4,7,5,3,34,-0.20294374,-0.040588748,0.284121235,-0.365298731,-0.040588748,0.446476227,0.121766244,-0.20294374
2109477742,0,23,8,9,1,3,17,22,18,101,0.911317893,-0.406250145,-0.318412276,-1.021115229,-0.845439491,0.384290678,0.823480023,0.472128547
2111454545,0,3,3,0,0,2,10,16,9,43,-0.311559151,-0.311559151,-0.705107552,-0.705107552,-0.442741951,0.606720452,1.393817255,0.475537652
2117880794,0,0,0,9,3,12,16,17,9,66,-0.860414268,-0.860414268,0.078219479,-0.547536352,0.391097395,0.808267949,0.912560587,0.078219479
2118281757,0,5,5,4,5,4,3,2,3,31,0.229714452,0.229714452,0.025523828,0.229714452,0.025523828,-0.178666796,-0.382857421,-0.178666796
2120744197,0,7,7,5,7,13,9,13,4,65,-0.190202168,-0.190202168,-0.528339355,-0.190202168,0.824209394,0.147935019,0.824209394,-0.697407949
2122217355,,0,1,8,9,7,3,7,0,35,-0.775103024,-0.597936619,0.64222822,0.819394626,0.465061815,-0.243603808,0.465061815,-0.775103024
2122461649,1,7,7,3,4,11,8,13,10,63,-0.127653088,-0.127653088,-0.711210063,-0.565320819,0.455903887,0.018236155,0.747682374,0.310014643
2124044723,0,4,6,6,2,1,7,9,6,41,-0.185616336,0.144368261,0.144368261,-0.515600932,-0.680593231,0.309360559,0.639345156,0.144368261
2124480972,,1,3,8,8,6,7,10,1,44,-0.696440909,-0.386911616,0.386911616,0.386911616,0.077382323,0.23214697,0.696440909,-0.696440909
2136005954,0,15,3,1,4,5,9,20,12,69,0.719023389,-0.634432402,-0.860008367,-0.521644419,-0.408856437,0.042295493,1.282963301,0.380659441
2137605309,0,3,3,12,8,10,12,18,5,71,-0.691251221,-0.691251221,0.367686819,-0.102952309,0.132367255,0.367686819,1.073645513,-0.455931656
2138650570,0,1,1,4,9,13,11,11,2,52,-0.779769326,-0.779769326,-0.354440603,0.354440603,0.921545567,0.637993085,0.637993085,-0.637993085
2144936652,1,1,0,3,3,8,7,9,6,37,-0.607471399,-0.775049716,-0.272314765,-0.272314765,0.56557682,0.397998503,0.733155137,0.230420186
